hole_id,tg_th,tg_ph,tg_p,tg_vz,sieve_r,gem_r,r_prime,gem_ph,phi_prime
43,0.0204348,-0.328928,6599.19,-3875.42,81.3328,712.18,0.0389406,6.04571,0.00234202
43,0.0193445,3.13432,6599.27,-3875.44,77.1015,710.856,0.0394557,3.1333,0.000136272
43,0.0193825,3.14146,6599.27,-3875.45,77.0865,710.781,0.0393812,3.14954,0.000241239
43,0.0205647,-0.295572,6599.18,-3875.59,81.7515,710.458,0.0383227,6.10119,0.00324137
43,0.0206505,-0.318272,6599.16,-3875.49,82.2483,711.671,0.038789,6.06846,0.00276942
43,0.0193856,3.11506,6599.27,-3875.59,77.0431,711.19,0.0399298,3.0913,-0.000423063
43,0.0195862,-3.13877,6599.25,-3875.41,78.0188,710.544,0.0393428,3.15027,0.000172182
43,0.0191143,1.21682,6599.29,-3875.39,75.9982,711.03,0.0401244,1.10424,-0.00344858
43,0.0192428,3.14039,6599.29,-3875.39,76.7464,711.516,0.0401064,3.13969,0.000295776
43,0.0200566,-0.305446,6599.22,-3875.48,80.2285,712.106,0.0390851,6.08801,0.00318825
43,0.0206757,-0.326826,6599.17,-3875.42,82.3367,711.45,0.0382994,6.05008,0.00248312
43,0.0197139,-3.12395,6599.25,-3875.56,78.3677,710.348,0.0392592,3.16516,0.000305658
43,0.0204224,-0.302414,6599.18,-3875.39,81.0097,711.605,0.0391132,6.09456,0.00334804
43,0.0192992,3.11735,6599.27,-3875.48,76.9372,711.09,0.0397853,3.09418,-0.000617325
43,0.0198818,3.13431,6599.23,-3875.6,78.3975,710.725,0.0396333,3.13216,-0.000210606
43,0.0196908,3.13161,6599.25,-3875.46,78.376,710.505,0.0393189,3.1224,-0.000114848
43,0.0196459,-3.13941,6599.25,-3875.54,78.2366,710.816,0.0396673,3.15118,-7.26783e-05
43,0.0204081,-0.32085,6599.19,-3875.59,81.0455,711.863,0.0389158,6.06112,0.00312525
43,0.0193313,1.18191,6599.27,-3875.6,76.4234,710.126,0.0400229,1.06499,-0.00369781
43,0.0201979,-0.290896,6599.2,-3875.53,80.5989,711.081,0.0388136,6.11158,0.00338581
43,0.0206921,-0.30166,6599.17,-3875.61,82.1219,710.738,0.0383239,6.09001,0.00323566
43,0.0202525,-0.324651,6599.2,-3875.51,80.6921,711.9,0.0387754,6.05853,0.00247126
43,0.0194634,3.11882,6599.26,-3875.41,77.5381,710.742,0.0395297,3.10131,-0.000569916
43,0.0193702,1.22021,6599.27,-3875.46,76.9205,710.311,0.0399749,1.11897,-0.00294512
43,0.0193992,3.12285,6599.27,-3875.49,76.8149,711.335,0.0400369,3.11045,-0.000358024
43,0.0207503,-0.303296,6599.16,-3875.52,82.6816,711.14,0.0386949,6.08705,0.0031148
43,0.0196673,3.1309,6599.25,-3875.4,78.2879,710.628,0.0394316,3.12151,-0.000379644
43,0.0195493,3.12792,6599.25,-3875.44,77.8435,710.795,0.0395727,3.12064,-0.000163623
43,0.0193129,1.21632,6599.27,-3875.39,76.9302,710.008,0.0397125,1.10955,-0.00309656
43,0.0199164,-0.301604,6599.23,-3875.43,81.3532,710.006,0.0387313,6.12797,0.00385944
43,0.0202651,-0.299025,6599.2,-3875.59,80.6534,711.518,0.0389754,6.10276,0.00347552
43,0.0195062,-3.14099,6599.26,-3875.56,77.5707,711.028,0.0399755,3.1463,9.35978e-05
43,0.0195162,-3.12991,6599.26,-3875.5,77.9396,710.332,0.0390629,3.16143,0.000547343
43,0.0193905,-3.12944,6599.27,-3875.39,77.2647,710.975,0.0395816,3.15457,0.000195663
43,0.0206405,-0.319104,6599.17,-3875.43,82.3566,711.555,0.0384847,6.05781,0.00295406
43,0.0202199,-0.304005,6599.2,-3875.58,80.5932,711.385,0.0388994,6.10444,0.00359884
43,0.0194513,3.13118,6599.26,-3875.5,77.2837,710.989,0.0397205,3.11648,-0.000149263
43,0.0194692,-3.14007,6599.26,-3875.42,77.527,711.045,0.0396996,3.14462,1.56214e-05
43,0.0194964,3.13719,6599.26,-3875.53,77.5355,710.898,0.0393352,3.12727,-0.000385662
43,0.0195498,3.13045,6599.25,-3875.43,77.8423,710.647,0.0394924,3.12361,-7.25221e-05
43,0.020741,-0.31068,6599.16,-3875.44,82.492,711.311,0.0386877,6.07592,0.00309202
43,0.020143,-0.302754,6599.21,-3875.5,80.5095,711.894,0.0392226,6.09749,0.00336999
43,0.0204833,-0.304495,6599.18,-3875.39,81.5543,711.357,0.0389983,6.09188,0.00318005
43,0.0202702,-0.318579,6599.2,-3875.47,80.4971,712.267,0.0390643,6.05758,0.0031184
43,0.0195287,-3.12519,6599.25,-3875.39,77.727,710.929,0.0397718,3.17117,0.000187545
43,0.0192368,-3.13096,6599.28,-3875.47,76.1321,711.644,0.0400237,3.16321,0.000382647
43,0.0194408,3.13493,6599.26,-3875.56,77.2358,710.779,0.0393735,3.1292,-0.000121736
43,0.0192462,1.21997,6599.28,-3875.39,76.7582,710.321,0.0397981,1.11887,-0.00294183
43,0.0207121,-0.320333,6599.17,-3875.41,82.3961,711.552,0.0385531,6.0566,0.00267915
43,0.0191307,1.20273,6599.28,-3875.5,76.3887,710.46,0.0399423,1.08316,-0.00327364
43,0.0207059,-0.306252,6599.17,-3875.41,82.5746,711.212,0.0388477,6.08425,0.00317994
43,0.0191625,1.22296,6599.28,-3875.52,76.146,710.979,0.0400485,1.12393,-0.00256602
43,0.0203521,-0.323051,6599.19,-3875.55,81.2241,711.864,0.038632,6.05421,0.00269415
43,0.0208836,-0.312321,6599.15,-3875.42,82.7879,711.26,0.0384698,6.07186,0.00303299
43,0.019556,-3.13578,6599.26,-3875.45,77.9902,710.884,0.0397587,3.15553,-5.57035e-05
43,0.0202955,-0.310358,6599.2,-3875.42,80.7866,711.729,0.0388234,6.08479,0.00295926
43,0.0201316,-0.314974,6599.21,-3875.62,80.4406,712.256,0.0390568,6.07815,0.00313849
43,0.0192544,1.21979,6599.28,-3875.46,76.5369,710.724,0.0402453,1.11137,-0.00268925
43,0.0191909,1.21347,6599.28,-3875.45,76.5587,710.366,0.0399454,1.09766,-0.00330269
43,0.0206697,-0.303734,6599.17,-3875.59,82.4781,710.917,0.0383391,6.08751,0.00337771
43,0.0191896,1.21841,6599.28,-3875.44,76.5545,710.492,0.0399739,1.11454,-0.00301748
43,0.0206118,-0.328131,6599.18,-3875.5,82.2398,711.714,0.0385679,6.04441,0.00266589
43,0.0193518,-3.12517,6599.27,-3875.45,77.2881,710.882,0.0395388,3.16815,0.000137009
43,0.0194975,3.11792,6599.26,-3875.59,77.3817,710.988,0.0397162,3.09593,-0.000559684
43,0.019367,-3.12196,6599.26,-3875.38,77.1438,711.033,0.0397515,3.1799,0.000540421
43,0.0206664,-0.302472,6599.17,-3875.58,82.7087,710.236,0.0382308,6.0971,0.00329613
43,0.0193768,3.12843,6599.27,-3875.41,77.3656,710.984,0.0397039,3.1209,-0.000121336
43,0.019414,-3.12611,6599.27,-3875.57,77.1608,710.85,0.0396033,3.16506,0.000300805
43,0.0204192,-0.306331,6599.19,-3875.49,81.6429,711.035,0.0389466,6.0903,0.00281529
43,0.020184,-0.297809,6599.2,-3875.48,80.5336,711.44,0.038822,6.10304,0.00350995
43,0.0191279,-3.13696,6599.29,-3875.48,76.1135,711.618,0.0399729,3.14919,9.84665e-05
43,0.0193889,-3.12477,6599.26,-3875.51,77.2513,710.874,0.0395584,3.17159,0.000329817
43,0.0194244,3.12521,6599.27,-3875.61,77.3196,710.917,0.0396084,3.10515,-0.000311409
43,0.0203609,-0.290876,6599.19,-3875.42,80.9441,711.016,0.0390476,6.11329,0.00351077
43,0.0205429,-0.325558,6599.18,-3875.53,81.852,711.648,0.0386132,6.0527,0.00287226
43,0.0204259,-0.325834,6599.18,-3875.54,81.2747,712.114,0.0388811,6.04693,0.00257037
43,0.0194408,-3.13151,6599.27,-3875.44,77.4304,711.054,0.0398313,3.15178,0.00031498
43,0.0194252,-3.12087,6599.26,-3875.41,77.3549,710.894,0.0395888,3.1848,0.000333601
43,0.0194249,-3.13768,6599.26,-3875.44,77.2081,711.032,0.0397546,3.15068,7.66148e-05
43,0.020261,-0.309081,6599.2,-3875.61,80.8508,711.972,0.0391027,6.08154,0.0032345
43,0.0202908,-0.314306,6599.2,-3875.55,80.7765,712.091,0.0391812,6.07962,0.00311185
43,0.019283,1.21468,6599.28,-3875.53,76.9272,709.949,0.0397764,1.10482,-0.00320656
43,0.0207559,-0.321216,6599.16,-3875.54,82.667,711.254,0.0382102,6.0604,0.002799
43,0.0206533,-0.329555,6598.94,-3875.51,82.0805,711.972,0.0387825,6.04237,0.00261048
43,0.0193704,3.13366,6599.27,-3875.46,77.329,711.139,0.0398498,3.12432,-0.000193836
43,0.0194939,-3.11619,6599.26,-3875.45,77.7083,710.439,0.0392824,3.18527,0.000660559
43,0.0195491,3.1196,6599.26,-3875.57,78.1037,712.702,0.0394856,3.0955,-0.000404968
43,0.0193219,1.21119,6599.27,-3875.56,77.0241,709.924,0.0396959,1.10304,-0.00302749
43,0.0205371,-0.305085,6599.17,-3875.41,82.5039,710.978,0.0384965,6.08494,0.00301043
43,0.0205772,-0.307238,6599.18,-3875.43,81.4516,711.42,0.0387732,6.08443,0.00309597
43,0.020248,-0.306127,6599.2,-3875.39,80.4496,712.128,0.0391109,6.08466,0.00308513
43,0.0190328,1.19932,6599.3,-3875.53,75.7214,711.333,0.0403027,1.08362,-0.00326257
43,0.0192293,3.13279,6599.28,-3875.52,76.5268,711.174,0.0395436,3.12512,-0.000321404
43,0.0203544,-0.313434,6599.19,-3875.53,81.1686,711.69,0.0388883,6.07343,0.00285979
43,0.0205401,-0.305036,6599.18,-3875.57,81.7832,711.183,0.0389082,6.09151,0.00318156
43,0.0190237,1.20943,6599.3,-3875.44,75.7833,711.266,0.0401909,1.09902,-0.00301
43,0.0196006,-3.12592,6599.25,-3875.53,78.2389,710.76,0.0396301,3.1648,0.000186643
43,0.0201898,-0.303906,6599.21,-3875.45,80.4269,712.133,0.0393977,6.09624,0.00312387
43,0.0194765,-3.1352,6599.26,-3875.51,77.8036,710.625,0.0393477,3.15556,-0.000234262
43,0.0195143,3.13961,6599.26,-3875.47,77.5944,711.197,0.0399999,3.13927,-3.62251e-06
43,0.0196918,-3.13549,6599.25,-3875.38,78.4733,710.561,0.0394507,3.15543,0.000243941
43,0.0206244,-0.302347,6599.17,-3875.59,82.3061,711.016,0.0387154,6.0905,0.00303163
43,0.02047,-0.309125,6599.19,-3875.44,81.5403,711.409,0.038795,6.08282,0.00300665
43,0.0203279,-0.321816,6599.19,-3875.43,80.8424,712.132,0.0390242,6.05309,0.00273835
43,0.0191736,1.19769,6599.28,-3875.56,76.186,710.437,0.039952,1.07019,-0.00347308
43,0.0196738,3.1357,6599.24,-3875.43,78.2553,710.785,0.0396325,3.13004,-6.21471e-05
43,0.0203448,-0.324497,6599.19,-3875.48,80.854,712.212,0.038945,6.05024,0.00259983
43,0.0194213,3.12472,6599.27,-3875.5,77.2363,710.918,0.0396317,3.11465,-0.000246696
43,0.0193482,3.12879,6599.27,-3875.4,76.8438,711.359,0.0399404,3.12118,-0.000315199
43,0.0192043,-3.12119,6599.28,-3875.53,76.1811,711.578,0.0400186,3.17552,0.000334271
43,0.0191438,1.22331,6599.29,-3875.53,76.1794,710.76,0.0399354,1.11771,-0.00284861
43,0.0207258,-0.318662,6599.16,-3875.37,82.3563,711.352,0.0384702,6.06756,0.00287558
43,0.0202435,-0.308904,6599.2,-3875.49,80.5957,712,0.0389393,6.0763,0.00286174
43,0.0192398,-3.13544,6599.28,-3875.59,76.8497,711.347,0.0399292,3.14176,0.000192059
43,0.0208241,-0.303357,6599.16,-3875.38,82.7455,710.586,0.0383021,6.09099,0.00337726
43,0.0206056,-0.324626,6599.17,-3875.39,82.1344,711.644,0.0385486,6.05369,0.0023706
43,0.0194625,3.13396,6599.26,-3875.5,77.6133,711.016,0.0397802,3.12958,-0.000152442
43,0.0191998,3.13131,6599.29,-3875.41,76.2412,711.873,0.0403509,3.11637,-0.000342442
43,0.0193743,-3.13973,6599.27,-3875.47,77.1389,711.419,0.0400301,3.14596,0.000422384
43,0.0192739,1.2233,6599.28,-3875.43,76.904,709.976,0.0395732,1.11733,-0.00301487
43,0.0203621,-0.316667,6599.19,-3875.6,81.1059,711.661,0.0387215,6.07082,0.00302273
43,0.0192939,1.20544,6599.27,-3875.54,76.627,710.243,0.0398328,1.09469,-0.00331343
43,0.0190648,-3.1392,6599.29,-3875.48,75.9277,711.838,0.0401466,3.14409,0.000202756
43,0.0192887,3.11959,6599.27,-3875.56,76.6197,711.249,0.0397928,3.09893,-0.000586116
43,0.0190844,-3.14093,6599.29,-3875.54,76.0734,711.723,0.0401174,3.13866,-0.000143176
43,0.0203453,-0.316925,6599.2,-3875.42,81.0291,712.1,0.0391755,6.06581,0.00281689
43,0.0206879,-0.309499,6599.16,-3875.52,82.2676,711.401,0.0386897,6.07877,0.00313239
43,0.0194164,-3.13829,6599.27,-3875.45,77.2997,711.045,0.0398509,3.14889,-0.000338742
43,0.0191556,1.20802,6599.29,-3875.53,76.0996,710.713,0.0398066,1.08938,-0.00311606
43,0.019377,-3.11932,6599.26,-3875.5,77.3816,711.097,0.0398577,3.17939,0.000308053
43,0.0204128,-0.310237,6599.19,-3875.59,81.4832,711.36,0.0387772,6.08616,0.00333598
43,0.0191189,1.19913,6599.29,-3875.4,76.2629,710.647,0.0399261,1.07995,-0.00308159
43,0.0196292,3.1265,6599.25,-3875.45,78.0099,710.629,0.0394905,3.11524,-5.30362e-05
43,0.0192366,1.22245,6599.28,-3875.59,76.4784,710.64,0.0397006,1.1318,-0.00259915
43,0.0190931,1.21062,6599.29,-3875.59,75.697,711.504,0.0404234,1.09104,-0.00336254
43,0.0192269,1.2175,6599.28,-3875.5,76.6143,710.364,0.0399227,1.08598,-0.00310805
43,0.0190437,3.13104,6599.3,-3875.42,75.9399,711.794,0.0400829,3.12406,-0.00032922
43,0.0195166,3.11959,6599.26,-3875.46,77.7054,710.451,0.0392903,3.10592,-9.66402e-05
43,0.0192736,3.12583,6599.28,-3875.61,76.833,711.296,0.039894,3.11414,-2.59433e-05
43,0.0192657,3.12258,6599.28,-3875.57,76.7605,711.31,0.0398521,3.09963,-0.000615273
43,0.0196619,-3.13859,6599.25,-3875.38,78.1236,710.716,0.039504,3.14358,5.88505e-05
43,0.0207376,-0.308941,6599.17,-3875.39,82.4545,711.013,0.0384391,6.08127,0.00320187
43,0.0205295,-0.286597,6599.18,-3875.55,81.7,709.941,0.038442,6.11797,0.00336039
43,0.019217,-3.11981,6599.28,-3875.55,76.7518,711.086,0.0396921,3.17694,0.000252021
43,0.019459,1.21297,6599.27,-3875.43,77.0568,709.961,0.0398402,1.09943,-0.0030058
43,0.0196604,-3.12601,6599.25,-3875.55,78.0831,710.554,0.0394275,3.16956,0.000682325
43,0.0206148,-0.309335,6599.18,-3875.47,82.064,711.148,0.03839,6.0786,0.00304312
43,0.0192996,1.23278,6599.27,-3875.53,76.7348,710.785,0.0399385,1.13804,-0.00266261
43,0.0194898,3.13651,6599.26,-3875.46,77.4142,710.938,0.0393902,3.14095,0.000345405
43,0.0194268,3.12048,6599.26,-3875.4,77.1763,710.833,0.0395422,3.10252,-0.000439952
43,0.0192581,1.2057,6599.27,-3875.39,76.5545,710.484,0.0399915,1.08639,-0.00300109
43,0.0191595,1.21473,6599.29,-3875.52,76.013,710.894,0.0399245,1.11227,-0.00277686
43,0.0203177,-0.316622,6599.2,-3875.52,81.1071,711.73,0.0387199,6.06306,0.00287487
43,0.0202771,-0.295915,6599.19,-3875.41,80.5034,711.754,0.0394463,6.10926,0.00360783
43,0.0194794,3.12884,6599.26,-3875.42,77.4625,710.856,0.0395646,3.12173,-0.000282004
43,0.0203728,-0.304685,6599.19,-3875.51,81.2265,711.526,0.0388764,6.08925,0.00321401
43,0.0192011,1.20028,6599.28,-3875.38,76.4805,710.486,0.0400288,1.08198,-0.00335319
43,0.019155,1.19206,6599.29,-3875.44,76.3443,710.145,0.0400936,1.05824,-0.00393006
43,0.0193341,1.23639,6599.27,-3875.63,77.0992,710.233,0.0395518,1.14378,-0.00244425
43,0.0205531,-0.302083,6599.18,-3875.57,82.0484,710.963,0.038573,6.09036,0.00331611
43,0.0190977,1.20834,6599.29,-3875.41,75.9968,710.851,0.0399523,1.08505,-0.00336533
43,0.019614,-3.13538,6599.25,-3875.63,78.0083,710.752,0.0396062,3.15944,0.000364766
43,0.0192028,1.21907,6599.28,-3875.57,76.4506,710.409,0.039894,1.11142,-0.00292099
43,0.019409,-3.13442,6599.26,-3875.44,77.3777,711.034,0.0397796,3.15714,9.14277e-05
43,0.0192027,-3.13202,6599.28,-3875.48,76.6361,711.587,0.0400997,3.16259,0.000263576
43,0.0205276,-0.319961,6599.18,-3875.51,81.5256,711.777,0.03872,6.06412,0.00299286
43,0.0191538,1.20592,6599.28,-3875.41,76.418,710.359,0.0396888,1.08727,-0.00329887
43,0.0196163,-3.13242,6599.25,-3875.58,78.303,710.419,0.0393436,3.154,0.000460775
43,0.0191706,-3.14074,6599.28,-3875.44,76.5233,711.484,0.0400289,3.13455,-0.000260553
43,0.0204285,-0.290813,6599.18,-3875.49,81.3458,710.971,0.0390012,6.10917,0.00333465
43,0.019401,1.23374,6599.27,-3875.57,77.029,710.489,0.0398111,1.13966,-0.00270932
43,0.02027,-0.312842,6599.21,-3875.38,80.7272,712.067,0.0389413,6.06897,0.00284915
43,0.0196527,-3.13472,6599.25,-3875.4,78.2563,710.597,0.03946,3.15433,0.000271023
43,0.0193035,-3.13035,6599.27,-3875.37,76.7183,711.169,0.0396856,3.15971,2.51463e-05
43,0.020618,-0.317721,6599.17,-3875.41,82.118,711.425,0.0384641,6.0679,0.00269187
43,0.0206333,-0.306509,6599.17,-3875.56,81.8336,710.934,0.0385083,6.08901,0.00298762
43,0.0190748,-3.13881,6599.29,-3875.42,75.9181,711.757,0.0401168,3.14965,0.000170479
43,0.0192957,3.12486,6599.27,-3875.62,76.6611,716.8,0.0405449,3.10514,-0.00033962
43,0.0197252,3.1311,6599.24,-3875.54,78.3662,710.638,0.0394315,3.13293,-0.000221349
43,0.019558,3.13206,6599.26,-3875.62,77.9698,710.694,0.0395435,3.11734,-0.000428422
43,0.0193993,3.12472,6599.27,-3875.55,77.2756,711.043,0.0397953,3.1035,-0.000412769
43,0.0190868,1.21264,6599.29,-3875.53,76.0791,710.864,0.04001,1.09985,-0.003175
43,0.0202713,-0.293924,6599.2,-3875.51,80.6314,711.456,0.0391061,6.10881,0.00328988
43,0.019681,-3.13244,6599.24,-3875.6,78.4877,710.583,0.0394396,3.14843,0.000106873
43,0.0205196,-0.310252,6599.18,-3875.5,82.4651,711.672,0.038724,6.06521,0.00278911
43,0.0202553,-0.291113,6599.2,-3875.61,80.9234,710.755,0.0388089,6.11744,0.00358251
43,0.0201611,-0.319695,6599.21,-3875.38,80.3461,712.328,0.0390405,6.06125,0.00276397
43,0.0201371,-0.318318,6599.21,-3875.59,80.2414,712.06,0.0388369,6.06885,0.00279846
43,0.0196792,-3.13941,6599.24,-3875.41,78.2164,710.655,0.039372,3.14391,0.000201219
43,0.0207422,-0.303646,6599.16,-3875.38,82.5205,711.059,0.0385824,6.08427,0.00322362
43,0.0193557,-3.13024,6599.27,-3875.43,77.3166,710.842,0.0395217,3.15797,0.000178591
43,0.0191852,-3.12325,6599.28,-3875.57,76.0436,711.729,0.0402218,3.16877,-1.46252e-06
43,0.0208687,-0.308839,6599.16,-3875.43,82.8851,711.176,0.0385877,6.08076,0.00318509
43,0.0193055,1.2268,6599.27,-3875.62,76.4508,710.735,0.0398452,1.13187,-0.00239073
43,0.01954,-3.12107,6599.26,-3875.41,77.8722,710.653,0.0394787,3.17205,0.000249296
43,0.0202691,-0.312951,6599.2,-3875.48,80.5335,712.318,0.0392936,6.07352,0.00296026
43,0.0191818,1.22213,6599.29,-3875.41,76.3607,710.636,0.0399707,1.11629,-0.00281329
43,0.0193698,3.12715,6599.27,-3875.49,77.3407,710.967,0.0396618,3.12014,-0.000129321
43,0.0207913,-0.31021,6599.16,-3875.55,82.5055,711.178,0.0384101,6.07715,0.00309054
43,0.0194274,3.12169,6599.27,-3875.5,77.3957,710.971,0.0398094,3.1007,-0.000502405
43,0.0195937,-3.12674,6599.25,-3875.61,77.9954,710.686,0.0395477,3.16246,3.86542e-05
43,0.0191352,1.22111,6599.29,-3875.59,76.1723,710.656,0.0397962,1.11569,-0.00306712
43,0.0193092,1.20564,6599.28,-3875.5,76.5421,710.332,0.0397224,1.08303,-0.00335451
43,0.0206366,-0.331372,6599.17,-3875.4,82.0943,711.803,0.0385534,6.04507,0.0029564
43,0.0205057,-0.308393,6599.19,-3875.46,81.5697,711.626,0.0390448,6.08144,0.00309279
43,0.0197083,-3.13882,6599.25,-3875.41,78.4658,710.348,0.0392464,3.14369,0.000290158
43,0.0201529,-0.314374,6599.21,-3875.5,80.5414,712.21,0.0391309,6.07635,0.00290691
43,0.0195049,-3.12149,6599.26,-3875.52,77.4171,710.849,0.0396468,3.17676,0.000667538
43,0.019536,3.13414,6599.25,-3875.52,77.7102,710.75,0.0395662,3.126,-0.000337884
43,0.0205201,-0.332017,6599.18,-3875.47,81.7196,712.133,0.0388015,6.0402,0.00258772
43,0.0191903,-3.13463,6599.28,-3875.39,76.3169,711.435,0.0398325,3.15188,0.00036064
43,0.0202828,-0.296125,6599.2,-3875.44,80.565,711.623,0.0390431,6.10301,0.00328307
43,0.0195475,-3.13769,6599.26,-3875.63,77.9368,710.861,0.0396376,3.1585,0.000184937
43,0.0204887,-0.29759,6599.18,-3875.41,81.4482,710.799,0.0388176,6.10796,0.003509
43,0.0190976,1.21184,6599.29,-3875.37,75.9977,711.025,0.0401313,1.10231,-0.0030777
43,0.0203003,-0.320057,6599.19,-3875.49,80.7551,712.142,0.0389918,6.06412,0.00270654
43,0.0195819,3.14093,6599.26,-3875.48,78.0108,710.946,0.0397086,3.1381,-0.000114327
43,0.019345,3.1119,6599.27,-3875.42,77.1339,711.219,0.0399597,3.09167,-0.00074258
43,0.0204054,-0.322855,6599.19,-3875.45,81.0586,711.989,0.0389154,6.06071,0.00297305
43,0.020476,-0.326302,6599.18,-3875.55,81.4668,712.004,0.0387764,6.04405,0.00257282
43,0.0190788,1.20291,6599.29,-3875.38,75.892,711.174,0.04023,1.08352,-0.00301738
43,0.0190902,3.13525,6599.29,-3875.62,76.2566,711.576,0.0399766,3.12896,-0.000183009
43,0.0203143,-0.321867,6599.2,-3875.52,80.8064,712.083,0.0389198,6.06507,0.00290905
43,0.0190132,1.20184,6599.3,-3875.4,75.8134,711.206,0.0401694,1.08402,-0.00318385
43,0.0193369,3.13887,6599.27,-3875.52,76.8887,711.153,0.0397073,3.14071,2.36796e-05
43,0.0193167,3.14,6599.28,-3875.54,76.6197,711.535,0.04015,3.13827,0.000147514
43,0.0192328,1.21105,6599.28,-3875.57,76.5061,710.637,0.0402038,1.10184,-0.00289973
43,0.0193285,3.13257,6599.27,-3875.62,77.0676,711.025,0.0397085,3.12611,-0.000279032
43,0.0200635,-0.300945,6599.21,-3875.61,80.2177,712.335,0.0394865,6.09584,0.0036987
43,0.0192895,3.13972,6599.28,-3875.54,76.7241,711.294,0.0397747,3.14383,-9.18747e-05
43,0.0193142,1.22671,6599.27,-3875.42,77.0783,709.993,0.0395414,1.12828,-0.00248206
43,0.0202795,-0.324985,6599.2,-3875.55,81.0426,711.973,0.0387331,6.05014,0.00253036
43,0.0205621,-0.322823,6599.18,-3875.55,81.8577,711.982,0.038844,6.0496,0.00272776
43,0.0205893,-0.30901,6599.18,-3875.47,82.2881,711.826,0.0389547,6.07583,0.00330023
43,0.0195824,3.12834,6599.26,-3875.37,78.042,710.679,0.039611,3.11633,-0.000372712
43,0.0202553,-0.283249,6599.2,-3875.55,80.9582,710.554,0.0388993,6.12225,0.00369201
43,0.0196846,-3.12606,6599.24,-3875.45,77.9842,710.613,0.0394906,3.16937,0.000560291
43,0.0193552,3.12891,6599.27,-3875.51,76.9135,711.282,0.0398913,3.12849,-5.66206e-05
43,0.0202617,-0.326819,6599.2,-3875.51,80.7726,712.218,0.0389385,6.04734,0.0027164
43,0.0191326,1.20578,6599.29,-3875.58,76.0861,710.867,0.0400289,1.07992,-0.00343329
43,0.0191858,-3.1378,6599.28,-3875.61,76.1355,711.683,0.0400181,3.14527,-8.2541e-05
43,0.019224,1.20558,6599.28,-3875.62,76.6494,710.264,0.0398256,1.0859,-0.00328672
43,0.0202939,-0.315905,6599.2,-3875.57,81.1456,711.819,0.0387709,6.06031,0.00282524
43,0.0193266,1.19926,6599.27,-3875.49,76.6903,710.157,0.0400529,1.07415,-0.00354636
43,0.0195522,3.12129,6599.26,-3875.38,77.8484,710.72,0.0395656,3.10237,-0.000527251
43,0.0207912,-0.30929,6599.15,-3875.47,82.8449,711.386,0.0386902,6.07305,0.00302706
43,0.0205894,-0.321274,6599.17,-3875.61,81.8851,711.983,0.0388335,6.04791,0.00241605
43,0.0191144,1.22033,6599.29,-3875.46,76.0755,711.012,0.0401996,1.11545,-0.0028288
43,0.0207445,-0.309347,6599.16,-3875.43,82.4445,711.466,0.0386204,6.06858,0.00294568
43,0.0191749,1.21954,6599.28,-3875.41,76.3354,710.599,0.0399206,1.1151,-0.00301578
43,0.0206892,-0.315989,6599.17,-3875.62,82.2306,711.281,0.0383162,6.06613,0.00299154
43,0.0192269,-3.12554,6599.28,-3875.61,76.6966,711.243,0.0397762,3.17068,0.000388217
43,0.0195626,3.12789,6599.26,-3875.6,77.5121,710.745,0.039528,3.11901,-6.4142e-05
43,0.0193176,3.12232,6599.28,-3875.4,77.0559,710.986,0.0397142,3.10549,-0.000322094
43,0.0192821,1.22752,6599.27,-3875.42,76.7378,710.556,0.0400367,1.12463,-0.00296111
43,0.0192261,3.11701,6599.28,-3875.55,76.5181,711.561,0.0400616,3.10531,-0.000366234
43,0.0193175,3.12684,6599.27,-3875.55,76.8028,711.325,0.0399802,3.11415,-0.000416006
43,0.0202009,-0.324713,6599.2,-3875.45,80.6012,712.012,0.0388054,6.05678,0.0027491
43,0.0195511,-3.1277,6599.26,-3875.44,77.506,710.965,0.0397744,3.16866,0.000430218
43,0.0191841,1.1938,6599.29,-3875.42,76.3174,710.119,0.0398837,1.06505,-0.00358459
43,0.0192453,3.12774,6599.28,-3875.39,76.6326,711.5,0.040004,3.11872,-0.000235501
43,0.0190234,1.19145,6599.3,-3875.49,76.0418,710.412,0.0398702,1.06801,-0.00356406
43,0.0192187,1.19292,6599.28,-3875.62,76.2259,710.233,0.040115,1.05774,-0.0036917
43,0.0193797,-3.12917,6599.27,-3875.54,77.0144,711.12,0.0396696,3.16818,-4.62818e-05
43,0.0207327,-0.310493,6599.16,-3875.59,82.6724,711.19,0.038441,6.07572,0.00298794
43,0.0195301,3.13804,6599.26,-3875.52,77.5872,710.876,0.0396247,3.12671,-0.000100874
43,0.020705,-0.296977,6599.16,-3875.6,81.9149,710.412,0.0383916,6.10372,0.00368741
43,0.0206574,-0.307195,6599.17,-3875.58,82.3415,711.375,0.0389494,6.08362,0.00312988
43,0.020585,-0.293364,6599.17,-3875.61,81.6844,710.56,0.0386792,6.10803,0.00334838
43,0.0191832,1.19618,6599.28,-3875.46,76.0836,710.626,0.0400622,1.06746,-0.00338229
43,0.0192732,1.20063,6599.28,-3875.38,76.736,710.215,0.0400256,1.07913,-0.00325969
43,0.0190787,3.13783,6599.29,-3875.59,75.8925,711.766,0.0400156,3.13547,-5.46388e-05
43,0.0192417,1.19291,6599.28,-3875.38,76.3865,710.251,0.040075,1.06212,-0.00363453
43,0.0197187,-3.13692,6599.24,-3875.45,78.4869,710.314,0.038932,3.14942,0.000228462
43,0.0204527,-0.324881,6599.18,-3875.58,81.0488,712.121,0.0390317,6.05332,0.0025407
43,0.0191448,3.1355,6599.29,-3875.43,76.3292,711.576,0.0399927,3.13206,-0.000122456
43,0.019082,3.13626,6599.29,-3875.55,75.9564,711.659,0.0399865,3.12717,-0.00030717
43,0.0193128,1.23361,6599.27,-3875.49,76.9882,710.419,0.0396872,1.14061,-0.00254861
43,0.0190602,1.19978,6599.29,-3875.48,75.8778,710.789,0.0401054,1.06723,-0.00355962
43,0.0194412,-3.14118,6599.26,-3875.42,77.0282,711.158,0.0397665,3.14231,0.000140398
43,0.0202256,-0.29751,6599.2,-3875.62,80.3697,711.654,0.0390479,6.10657,0.00326216
43,0.0192624,-3.13209,6599.28,-3875.57,76.7329,711.077,0.0396907,3.16144,-0.000101989
43,0.0193092,1.19971,6599.27,-3875.39,77.042,709.975,0.0399033,1.08252,-0.0034726
43,0.0204151,-0.30242,6599.19,-3875.56,81.3689,711.093,0.0386745,6.0939,0.00326758
43,0.0192648,-3.12486,6599.28,-3875.41,76.7142,711.433,0.0401128,3.17474,0.00043082
43,0.0193748,-3.12664,6599.27,-3875.62,77.1308,710.915,0.0395691,3.176,0.000665366
43,0.0192154,-3.12154,6599.28,-3875.52,76.53,711.526,0.0400797,3.17316,0.000581454
43,0.0191476,-3.12525,6599.28,-3875.54,76.2811,711.577,0.0400543,3.17422,0.000223454
43,0.0206341,-0.303913,6599.17,-3875.57,82.0399,711.274,0.0387732,6.08437,0.00303032
43,0.0194273,-3.12549,6599.26,-3875.58,77.1488,711.079,0.0397074,3.15226,0.000147063
43,0.0203627,-0.314612,6599.19,-3875.62,81.004,711.62,0.0386345,6.07258,0.00301798
43,0.0207197,-0.314243,6599.16,-3875.58,81.7768,711.671,0.038795,6.06517,0.00225294
43,0.0205919,-0.301178,6599.18,-3875.57,81.859,710.635,0.0385052,6.09969,0.00335742
43,0.0191089,3.12508,6599.29,-3875.42,75.9659,711.943,0.0402898,3.11733,3.78771e-05
43,0.0196271,3.13366,6599.25,-3875.53,78.0203,710.739,0.0395661,3.13211,-0.000343546
43,0.0195822,3.13073,6599.25,-3875.48,77.8317,710.691,0.0394531,3.12168,-8.25184e-05
43,0.019052,1.21308,6599.29,-3875.6,75.818,711.353,0.0402973,1.10591,-0.00299747
43,0.0206486,-0.327961,6599.17,-3875.57,81.8906,712.234,0.038931,6.04012,0.0026885
43,0.0190775,-3.13622,6599.29,-3875.38,75.8606,711.781,0.040059,3.15142,-0.000172321
43,0.0206916,-0.301737,6599.17,-3875.6,82.6867,710.667,0.0382023,6.08503,0.0029529
43,0.0208697,-1.48494,6599.15,-3875.59,82.9192,712.306,0.0380656,4.73098,-0.00267524
43,0.0191532,-3.13864,6599.28,-3875.54,76.3247,711.614,0.0400737,3.15376,0.000163933
43,0.0192292,1.21971,6599.28,-3875.5,76.3089,710.718,0.040042,1.10611,-0.00269883
43,0.0191818,3.13296,6599.28,-3875.54,76.248,711.465,0.0398587,3.12873,0.000333752
43,0.020166,-0.3047,6599.21,-3875.47,80.3672,712.077,0.0392871,6.09391,0.00324887
43,0.0197027,-3.13345,6599.24,-3875.49,78.3868,710.317,0.0392437,3.15585,0.000245407
43,0.0194428,3.12971,6599.26,-3875.53,77.3916,710.823,0.0396293,3.11215,-0.000296633
43,0.0192898,-3.1195,6599.28,-3875.59,77.0593,711.023,0.0396079,3.18195,0.000245781
43,0.0207682,-0.299663,6599.16,-3875.55,82.8379,710.745,0.038475,6.08898,0.00315766
43,0.0190688,1.2005,6599.3,-3875.41,75.9865,711.318,0.0405682,1.07986,-0.00363045
43,0.0193106,3.12674,6599.27,-3875.5,76.8986,711.084,0.0396941,3.11432,-0.000495562
43,0.0192514,1.2159,6599.28,-3875.6,76.5125,710.413,0.0396919,1.10635,-0.00285854
43,0.0192361,3.13788,6599.27,-3875.38,76.4972,711.505,0.0399808,3.13523,-0.000127366
43,0.0206832,-0.316476,6599.17,-3875.42,82.1859,711.662,0.038701,6.06228,0.00297939
43,0.0194728,-3.13679,6599.26,-3875.54,77.6264,710.966,0.039743,3.14666,-0.00010875
43,0.0205396,-0.285073,6599.18,-3875.6,81.3039,710.004,0.0386466,6.12517,0.00349272
43,0.0205509,-0.33113,6599.17,-3875.55,81.8251,711.877,0.038621,6.04224,0.00248188
43,0.0194864,-3.12783,6599.26,-3875.44,77.6329,711.665,0.0405564,3.16442,0.000393542
43,0.0192853,-3.12134,6599.28,-3875.5,76.7156,711.185,0.0397524,3.18031,0.000530898
43,0.0204023,-0.316254,6599.19,-3875.45,81.366,711.983,0.0389178,6.06023,0.00271224
43,0.0192246,1.22947,6599.28,-3875.62,76.0845,710.719,0.0397906,1.12065,-0.00269281
43,0.0191816,-3.13741,6599.28,-3875.49,76.2343,711.532,0.0398143,3.14009,-0.000217331
43,0.0196143,-3.13396,6599.25,-3875.59,77.9354,710.829,0.0395736,3.15666,9.6972e-05
43,0.0208807,-0.299079,6599.15,-3875.56,82.5129,710.803,0.0384947,6.08979,0.003225
43,0.0193034,1.21505,6599.27,-3875.45,76.7997,710.226,0.0398275,1.11439,-0.00264503
43,0.0201351,-0.298313,6599.2,-3875.4,80.2792,711.936,0.0393019,6.10184,0.00351806
43,0.0204877,-0.321688,6599.19,-3875.55,81.3192,712.248,0.0392083,6.05763,0.00266121
43,0.019286,-3.13406,6599.27,-3875.39,76.6491,711.369,0.0399024,3.15256,0.000240006
43,0.019041,1.19974,6599.3,-3875.49,75.9408,710.606,0.0401077,1.06188,-0.00374493
43,0.0195975,-3.12726,6599.25,-3875.43,78.021,710.873,0.0396734,3.17143,0.000298441
43,0.0190744,-3.12463,6599.29,-3875.48,75.9987,711.863,0.0402526,3.16897,0.000205424
43,0.0206614,-0.318403,6599.17,-3875.59,82.2187,711.587,0.0385281,6.06087,0.00280465
43,0.0204051,-0.307293,6599.19,-3875.46,81.2118,711.409,0.0387671,6.09097,0.00303475
43,0.0190344,3.13813,6599.29,-3875.48,75.7717,711.694,0.0399664,3.12759,-0.000138278
43,0.0191244,1.20029,6599.29,-3875.5,76.089,710.677,0.0398857,1.08009,-0.00330819
43,0.0194764,-3.12679,6599.26,-3875.61,77.2697,711.101,0.0398682,3.17429,0.000371305
43,0.0193198,-3.1412,6599.27,-3875.48,76.9181,711.172,0.0396875,3.14276,-4.26236e-06
43,0.0196088,-3.12851,6599.25,-3875.54,78.0265,710.541,0.0393634,3.17373,0.000568367
43,0.0201259,-0.332415,6599.21,-3875.43,80.8752,712.223,0.0389589,6.05068,0.00288588
43,0.0191073,3.12776,6599.29,-3875.46,76.2063,711.45,0.0398602,3.1211,-0.000299524
43,0.0206343,-0.31102,6599.17,-3875.4,82.0229,711.076,0.0384078,6.07943,0.00305445
43,0.0205506,-0.322022,6599.18,-3875.48,81.6101,711.692,0.0385492,6.05653,0.00281963
43,0.0193398,3.1406,6599.27,-3875.58,76.6256,711.407,0.039622,3.13896,-5.1221e-05
43,0.0191599,1.19451,6599.28,-3875.38,76.1147,710.464,0.0399803,1.06648,-0.00335546
43,0.0194496,-3.14148,6599.26,-3875.56,77.8294,710.989,0.0398189,3.14945,0.000203424
43,0.0192698,1.2035,6599.28,-3875.57,76.7148,710.019,0.0394761,1.08614,-0.00317394
43,0.020583,-0.313681,6599.17,-3875.58,82.2192,711.341,0.0383354,6.0671,0.00282492
43,0.0194846,-3.13162,6599.26,-3875.56,77.607,710.603,0.0393854,3.15294,6.54729e-07
43,0.0193148,3.13066,6599.27,-3875.38,76.899,711.184,0.0397906,3.12364,-0.000105466
43,0.0205249,-0.302362,6599.18,-3875.62,81.9129,710.871,0.0388045,6.09851,0.0034709
43,0.0205496,-0.287106,6599.18,-3875.6,81.7415,710.309,0.0393167,6.12595,0.00357133
43,0.0205523,-0.318425,6599.18,-3875.53,81.9136,711.705,0.0386133,6.06433,0.00288183
43,0.0207209,-0.304907,6599.16,-3875.55,82.6869,710.469,0.0381868,6.09111,0.00327383
43,0.0191348,3.13,6599.29,-3875.56,76.0169,711.819,0.0401197,3.12304,-0.000394292
43,0.0192119,1.22493,6599.28,-3875.41,76.612,710.726,0.0399583,1.12882,-0.00269928
43,0.0192249,3.14154,6599.28,-3875.44,76.5404,711.403,0.0398521,3.14277,0.000265082
43,0.0195463,3.13277,6599.26,-3875.56,77.2445,711.133,0.0399276,3.10768,-0.000514247
43,0.0192074,-3.1325,6599.28,-3875.41,76.5421,711.443,0.0400238,3.17346,0.000238416
43,0.0190684,-3.13287,6599.29,-3875.52,75.9,711.938,0.0403037,3.15755,0.000238948
43,0.0191535,-3.12533,6599.28,-3875.43,76.2953,711.36,0.0398037,3.17131,0.000567373
43,0.0190671,3.13297,6599.29,-3875.6,75.8972,711.639,0.0398926,3.13027,-0.000163771
43,0.0207763,-0.309161,6599.16,-3875.62,82.3715,711.236,0.0385176,6.07654,0.00302374
43,0.0191527,-3.13565,6599.29,-3875.52,76.1898,712.088,0.0406055,3.15483,0.000457056
43,0.0194042,3.11732,6599.26,-3875.42,77.2579,710.954,0.039594,3.10059,-0.000786213
43,0.0195776,3.13793,6599.25,-3875.42,78.053,710.541,0.0393173,3.13749,-0.000221832
43,0.0196385,-3.12861,6599.25,-3875.39,78.1883,710.385,0.0392848,3.16567,0.000272459
43,0.0195704,-3.13891,6599.25,-3875.53,78.0979,710.784,0.0396114,3.13977,0.000375038
43,0.020617,-0.309219,6599.17,-3875.51,82.0125,711.169,0.0386389,6.08252,0.00312967
43,0.0192077,3.12597,6599.28,-3875.47,76.0484,732.83,0.0396531,3.09426,-0.00055269
43,0.0194646,3.12413,6599.26,-3875.59,77.2555,710.998,0.0397731,3.11103,-0.000346619
43,0.0205367,-0.308923,6599.17,-3875.44,81.6478,711.357,0.0386424,6.08121,0.00313595
43,0.01933,3.12717,6599.27,-3875.51,76.4337,711.615,0.0401682,3.13896,-1.4048e-05
43,0.0194462,-3.12647,6599.26,-3875.5,77.7774,710.63,0.0394149,3.17922,0.00042842
43,0.0206174,-0.322167,6599.17,-3875.6,82.4056,711.581,0.0386474,6.06539,0.00274603
43,0.0191196,-3.13171,6599.29,-3875.45,76.3064,711.457,0.0399029,3.16427,0.000361939
43,0.0205801,-0.326944,6599.18,-3875.47,81.6051,712.057,0.0389293,6.0492,0.00268586
43,0.0190542,1.20453,6599.29,-3875.61,75.8572,711.075,0.0400104,1.08678,-0.00304197
43,0.0208481,-0.3101,6599.15,-3875.4,82.8333,711.101,0.0384216,6.0776,0.00324059
43,0.0192247,3.13861,6599.28,-3875.4,76.662,711.477,0.0399312,3.13472,-9.74541e-05
43,0.0193195,3.11332,6599.27,-3875.38,77.1221,711.144,0.0398369,3.09088,-0.000715136
43,0.0192043,-3.12292,6599.28,-3875.47,76.5752,711.364,0.0397775,3.17036,0.000359036
43,0.019606,-3.13184,6599.26,-3875.46,77.8299,710.748,0.0395142,3.15907,0.000154453
43,0.0191675,1.20796,6599.28,-3875.46,76.234,710.924,0.0403225,1.09251,-0.00324258
43,0.0191582,-3.12746,6599.28,-3875.47,76.2742,711.597,0.0399901,3.1682,0.000318287
43,0.0204182,-0.302968,6599.18,-3875.45,81.531,711.028,0.0386028,6.09583,0.0032907
43,0.0191273,1.19137,6599.29,-3875.54,75.9822,710.334,0.0398383,1.06121,-0.00366429
43,0.0193355,3.11604,6599.27,-3875.55,77.0684,711.11,0.0398441,3.10231,-0.000493345
43,0.0206613,-0.324275,6599.17,-3875.49,82.3309,711.525,0.0383816,6.05389,0.00258683
43,0.0193682,1.2011,6599.27,-3875.5,77.0759,709.923,0.0398177,1.08401,-0.003296
43,0.0203277,-0.284356,6599.2,-3875.55,81.0268,710.087,0.0384873,6.12589,0.0036202
43,0.0195567,-3.1269,6599.26,-3875.58,78.3224,710.748,0.0395939,3.16297,0.000434446
43,0.0203299,-0.316163,6599.19,-3875.57,80.538,712.167,0.0390563,6.07155,0.00323067
43,0.0192859,-3.11592,6599.27,-3875.52,77.2104,711.103,0.0398076,3.18434,0.000588306
43,0.0194603,-3.13698,6599.26,-3875.52,77.278,710.907,0.0395563,3.14622,2.48244e-05
43,0.0205312,-0.30526,6599.18,-3875.59,81.3319,711.559,0.0388487,6.08173,0.00316678
43,0.0196682,-3.13892,6599.24,-3875.46,78.0199,710.726,0.0395502,3.14324,-0.000222454
43,0.019417,-3.13356,6599.27,-3875.56,76.9136,711.153,0.0397193,3.15144,-0.000125053
43,0.0190849,1.2157,6599.29,-3875.62,76.1136,710.842,0.0399984,1.11017,-0.00306941
43,0.0204489,-0.336553,6599.18,-3875.58,81.6833,711.826,0.0383939,6.03845,0.0027991
43,0.0191095,1.22571,6599.29,-3875.56,76.0981,710.724,0.0397271,1.12045,-0.00303566
43,0.0206053,-0.301902,6599.17,-3875.53,82.223,710.86,0.038455,6.08879,0.00327731
43,0.0193368,1.22204,6599.27,-3875.58,76.7791,710.2,0.0397965,1.11642,-0.00302672
43,0.0202543,-0.306764,6599.2,-3875.46,80.6275,712.237,0.039331,6.08572,0.00310601
43,0.0190727,-3.13729,6599.29,-3875.56,76.0351,711.691,0.0400258,3.15401,-3.02948e-05
43,0.019313,1.23484,6599.28,-3875.41,76.9264,710.53,0.0398799,1.13784,-0.002714
43,0.0192653,1.21175,6599.27,-3875.46,76.7583,710.345,0.0399503,1.10649,-0.00299346
43,0.0203453,-0.303426,6599.19,-3875.62,81.0633,711.48,0.0389112,6.09353,0.00303544
43,0.0195055,3.1362,6599.26,-3875.4,77.585,710.615,0.0392115,3.12797,-8.14175e-05
43,0.0200935,-0.30264,6599.21,-3875.49,80.32,711.777,0.0390344,6.1019,0.00319836
43,0.0191984,3.1265,6599.28,-3875.5,76.5085,711.627,0.0401753,3.1171,-0.000243404
43,0.0204734,-0.305379,6599.18,-3875.43,81.4949,711.528,0.0389266,6.08133,0.00314023
43,0.0190265,-3.13897,6599.3,-3875.49,76.0081,712.053,0.0403901,3.14667,0.000312199
43,0.0203248,-0.296915,6599.2,-3875.5,81.1845,711,0.0387509,6.10656,0.00339481
43,0.0205462,-0.308698,6599.17,-3875.43,81.6382,711.272,0.0384745,6.07617,0.00303489
43,0.0201948,-1.49379,6599.21,-3875.61,80.0923,710.834,0.0382055,4.69839,-0.00281294
43,0.0194508,-3.1196,6599.26,-3875.58,77.2694,711.068,0.0399015,3.18914,0.000620982
43,0.0191874,1.22004,6599.28,-3875.56,76.3772,710.5,0.0397653,1.11411,-0.00284287
43,0.0205351,-0.29478,6599.18,-3875.4,81.8828,710.344,0.0383832,6.10512,0.00364814
43,0.0190629,1.22021,6599.29,-3875.5,75.9113,711.056,0.0399987,1.10507,-0.00311069
43,0.0192628,-3.1293,6599.28,-3875.49,76.865,711.206,0.0398754,3.16442,3.61491e-05
43,0.0204379,-0.286422,6599.18,-3875.55,81.3219,710.101,0.0387496,6.12729,0.00379892
43,0.0194176,3.13076,6599.26,-3875.48,77.3717,711.191,0.0399042,3.12535,-0.000175768
43,0.0203298,-0.313431,6599.2,-3875.48,80.8827,711.761,0.0387807,6.07061,0.00305431
43,0.0195556,3.12725,6599.25,-3875.57,77.8802,710.627,0.0394106,3.11703,-0.000110783
43,0.0192827,1.20565,6599.28,-3875.53,76.7962,709.943,0.0395357,1.08503,-0.00334685
43,0.0204307,-0.295932,6599.18,-3875.5,81.6437,710.785,0.0386859,6.10141,0.00342867
43,0.0202303,-0.304122,6599.2,-3875.61,80.3532,712.026,0.0391533,6.09397,0.00329344
43,0.0195701,-3.12484,6599.25,-3875.5,77.902,710.921,0.0397754,3.16316,0.000155393
43,0.0202536,-0.307409,6599.2,-3875.59,80.8714,711.751,0.038924,6.08855,0.00309262
43,0.0192871,3.13276,6599.27,-3875.53,76.4732,711.414,0.0399436,3.12455,-0.000428875
43,0.0203742,-0.32881,6599.19,-3875.52,81.0162,712.192,0.0389862,6.04884,0.00234859
43,0.0192288,1.19775,6599.28,-3875.4,76.3774,710.198,0.0396372,1.07158,-0.00347144
43,0.0193972,1.23028,6599.27,-3875.51,77.2822,710.014,0.0396494,1.12812,-0.00266972
43,0.0192924,1.22384,6599.28,-3875.54,77.0719,710.193,0.0398136,1.12541,-0.00271352
43,0.0193636,3.12587,6599.27,-3875.56,77.0539,711.174,0.039888,3.11871,3.17132e-05
43,0.0194141,-3.1395,6599.27,-3875.61,77.1011,711.041,0.039641,3.13974,-7.8537e-05
43,0.0206981,-0.308696,6599.16,-3875.46,82.4969,710.814,0.0385246,6.09137,0.00337403
43,0.020669,-0.307684,6599.17,-3875.6,82.382,711.358,0.0386932,6.07792,0.00336383
43,0.0193052,-3.13473,6599.27,-3875.51,77.0906,710.952,0.039515,3.15928,0.000153571
43,0.0196978,3.1383,6599.25,-3875.49,78.1767,710.655,0.039516,3.13582,2.64742e-07
43,0.0202203,-0.302746,6599.2,-3875.55,80.4428,711.83,0.0391514,6.09915,0.00329918
43,0.0192051,3.12442,6599.28,-3875.57,76.5954,711.469,0.0399903,3.10531,-0.000434247
43,0.0205667,-0.322662,6599.18,-3875.37,81.6763,711.833,0.0387749,6.05289,0.00266853
43,0.0203338,-0.28661,6599.19,-3875.49,81.3056,710.064,0.0386309,6.12548,0.00384468
43,0.0192295,-3.1369,6599.28,-3875.4,76.3509,711.317,0.0397126,3.15185,0.000115411
43,0.0191005,-3.12856,6599.29,-3875.49,76.0886,711.748,0.0400798,3.1617,0.0005209
43,0.019391,3.12818,6599.27,-3875.41,77.0476,711.419,0.0400921,3.12051,-0.000210784
43,0.0191909,1.19023,6599.28,-3875.5,76.4806,710.005,0.0400915,1.05813,-0.00356427
43,0.0206561,-0.314148,6599.17,-3875.58,82.6884,710.609,0.0378542,6.07854,0.00352025
43,0.0204339,-0.328684,6599.18,-3875.56,81.2887,712.029,0.0387359,6.04451,0.00265488
43,0.0207244,-0.310974,6599.17,-3875.51,82.4147,711.242,0.0384559,6.07617,0.00309646
43,0.0194714,3.12521,6599.26,-3875.48,77.4277,710.895,0.0397085,3.10672,-0.000319397
43,0.0191308,1.20319,6599.29,-3875.58,76.3631,710.572,0.0401306,1.08373,-0.00355881
43,0.0193664,3.12142,6599.27,-3875.62,77.3657,710.915,0.039648,3.10251,-0.000580155
43,0.0193019,3.13235,6599.27,-3875.46,77.2462,711.004,0.0397561,3.12243,-0.000352859
43,0.0204715,-0.300237,6599.18,-3875.62,81.3866,710.857,0.0386951,6.10304,0.00319219
43,0.0203414,-0.286992,6599.19,-3875.5,81.0293,710.672,0.0387528,6.11683,0.00349053
43,0.0194664,-3.12877,6599.26,-3875.49,77.7618,710.611,0.0394738,3.16416,0.000251723
43,0.0192998,-3.1168,6599.27,-3875.41,76.7049,711.164,0.0399881,3.18481,0.000208501
43,0.0204837,-0.287141,6599.18,-3875.45,81.341,710.127,0.0388252,6.12844,0.00378817
43,0.0203186,-0.318424,6599.19,-3875.42,81.0007,711.914,0.0389105,6.06297,0.00307962
43,0.0192827,3.13028,6599.28,-3875.44,76.8256,711.234,0.0397802,3.13125,6.87701e-05
43,0.0192598,1.2221,6599.28,-3875.39,76.8915,710.007,0.0395621,1.11753,-0.00308114
43,0.0194452,3.13493,6599.26,-3875.6,77.681,710.601,0.039286,3.12423,-0.000424296
43,0.0204159,-0.332638,6599.18,-3875.39,81.3715,712.057,0.0386633,6.04145,0.00243623
43,0.0191718,-3.12529,6599.29,-3875.45,76.1566,711.669,0.0401095,3.17094,0.000397819
43,0.0193824,3.13263,6599.27,-3875.53,76.8256,711.293,0.0398618,3.1217,-0.000237427
43,0.0202491,-0.292978,6599.2,-3875.5,80.5176,711.252,0.0388771,6.10906,0.00345144
43,0.0190196,-3.134,6599.29,-3875.51,75.9192,712.056,0.0403267,3.15297,0.000184574
43,0.0192975,-3.12237,6599.27,-3875.37,76.6389,711.429,0.0400652,3.1777,0.000425956
43,0.0195154,-3.1202,6599.26,-3875.62,77.6374,710.717,0.0394742,3.17699,0.000439715
43,0.0203806,-0.334164,6599.19,-3875.6,81.3917,711.984,0.0388115,6.04538,0.00259915
43,0.0194347,-3.14159,6599.27,-3875.41,77.6209,710.65,0.0393225,3.14581,0.000498616
43,0.0205066,-0.324787,6599.18,-3875.56,81.5721,711.925,0.038707,6.04371,0.0027293
43,0.0194537,3.12689,6599.26,-3875.38,77.236,711.095,0.039839,3.11277,-0.000571797
43,0.0191329,1.19324,6599.29,-3875.44,76.2495,710.09,0.039935,1.05806,-0.00352492
43,0.0191669,3.14001,6599.28,-3875.49,76.7773,711.401,0.0400222,3.14254,-2.84248e-05
43,0.0191075,1.20885,6599.29,-3875.46,76.2282,710.446,0.0396663,1.09468,-0.0032762
43,0.0201875,-0.318135,6599.21,-3875.6,80.507,712.239,0.0392414,6.06865,0.00313714
43,0.020497,-0.296825,6599.18,-3875.4,81.7158,710.803,0.0388044,6.10469,0.00341674
43,0.0196739,-3.12792,6599.25,-3875.52,78.2771,710.595,0.0394951,3.16363,0.000383709
43,0.0193778,3.13559,6599.26,-3875.51,77.1238,711.22,0.0398994,3.12497,-0.000175931
43,0.0204392,-0.302221,6599.19,-3875.54,81.4661,710.926,0.0386364,6.09762,0.00321452
43,0.0203594,-0.309711,6599.2,-3875.47,80.9781,711.845,0.0388808,6.07265,0.00331467
43,0.0201893,-0.304611,6599.2,-3875.53,80.5384,712.267,0.0394273,6.08698,0.00314444
43,0.0193457,3.12986,6599.27,-3875.4,76.8588,711.293,0.0399488,3.12093,-0.000202576
43,0.019264,3.1143,6599.28,-3875.47,76.3121,711.725,0.0402557,3.10714,-0.000659806
43,0.0191498,1.21342,6599.29,-3875.5,76.2365,710.992,0.0402748,1.09724,-0.00314411
43,0.0193206,-3.12376,6599.28,-3875.4,76.8014,711.269,0.0398589,3.17515,0.000505761
43,0.0193235,3.12655,6599.27,-3875.54,76.9821,711.394,0.0400638,3.10554,-0.000409435
43,0.0205962,-0.29442,6599.17,-3875.4,81.9514,710.126,0.0383055,6.111,0.00300649
43,0.0192568,3.12967,6599.28,-3875.54,76.6729,711.416,0.0400107,3.10941,-0.000292824
43,0.0196171,3.1349,6599.25,-3875.56,77.9914,710.578,0.0393494,3.13526,0.000118131
43,0.019606,-3.12517,6599.26,-3875.5,78.2121,710.6,0.0395208,3.16808,0.000354602
43,0.019575,3.13098,6599.26,-3875.59,77.8944,710.756,0.0395293,3.12823,-7.38517e-05
43,0.0204896,-0.287722,6599.18,-3875.53,81.7549,710.094,0.0386257,6.1185,0.00373494
43,0.0196579,1.1922,6443.66,-3875.41,78.2877,711.922,0.0397906,1.06317,-0.00370893
43,0.0204984,-0.298627,6599.18,-3875.44,81.6032,710.757,0.038958,6.10792,0.00333179
43,0.0207852,-0.31346,6599.16,-3875.57,82.7279,711.298,0.0384127,6.06776,0.00247443
43,0.0197064,3.13267,6599.24,-3875.61,78.1194,710.718,0.0395449,3.12435,-9.58152e-05
43,0.0193216,1.22007,6599.27,-3875.41,76.8047,710.425,0.0399339,1.12506,-0.00251118
43,0.0194295,-3.1138,6599.26,-3875.61,77.3079,711.001,0.0397758,3.19066,0.000495381
43,0.0194007,3.12117,6599.27,-3875.42,77.018,711.377,0.0411159,3.10677,0.000250206
43,0.0208188,-0.311317,6599.16,-3875.46,82.8668,711.17,0.0384616,6.07346,0.00272371
43,0.0192482,3.13216,6599.28,-3875.59,76.5831,711.316,0.0398645,3.13032,-0.000142152
43,0.0207727,-0.314041,6599.15,-3875.5,82.6576,711.625,0.0388644,6.07309,0.00319451
43,0.0193221,1.23017,6599.26,-3875.44,76.8543,710.539,0.0397824,1.13595,-0.00266561
43,0.0192507,1.21189,6599.29,-3875.44,76.5242,710.51,0.0399379,1.09958,-0.00295932
43,0.0195771,3.12342,6599.26,-3875.47,77.5844,710.835,0.0396281,3.11631,-5.70908e-05
43,0.0190555,-3.131,6599.3,-3875.43,75.8093,712.095,0.0402224,3.1542,-0.000261141
43,0.0192714,-3.12449,6599.28,-3875.51,76.715,711.29,0.039964,3.16783,0.000412463
43,0.0191677,-3.12947,6599.29,-3875.53,76.3146,711.686,0.0401965,3.16521,0.000415388
43,0.0190535,-3.13113,6599.29,-3875.39,75.978,711.878,0.0402742,3.16576,0.000526665
43,0.0194273,3.14059,6599.27,-3875.38,77.3949,710.915,0.0395046,3.13786,0.000173854
43,0.0207226,-0.30045,6599.17,-3875.56,82.4732,710.871,0.0388021,6.09326,0.00158654
43,0.0194459,3.13463,6599.27,-3875.42,77.3698,710.845,0.0395425,3.13149,-0.000199531
43,0.0191097,-3.12884,6599.28,-3875.41,76.3607,711.701,0.0401597,3.16015,0.00010803
43,0.019308,-3.128,6599.28,-3875.51,77.0479,710.904,0.0395362,3.16218,0.000222579
43,0.0191729,3.12552,6599.28,-3875.47,76.269,711.488,0.0398962,3.10684,-0.000487622
43,0.0191729,-3.14078,6599.28,-3875.63,76.697,711.228,0.0398558,3.13486,-0.000261007
43,0.0192076,-3.13808,6599.28,-3875.63,76.4659,711.336,0.0398368,3.15605,0.00050968
43,0.0192218,3.13486,6599.28,-3875.39,76.359,711.488,0.0399046,3.12741,-0.000291517
43,0.0201764,-0.299469,6599.2,-3875.47,80.6328,711.325,0.0390243,6.10977,0.00335869
43,0.0202923,-0.301347,6599.2,-3875.38,80.8026,711.443,0.0388759,6.0979,0.00335391
43,0.0203406,-0.317475,6599.2,-3875.59,80.9235,711.695,0.0387445,6.06358,0.00303224
43,0.0205648,-0.321452,6599.18,-3875.38,81.9623,711.573,0.0384617,6.05414,0.00271815
43,0.0203148,-0.311226,6599.19,-3875.53,81.1853,711.447,0.0386851,6.0794,0.00288173
43,0.0192202,-3.14028,6599.28,-3875.5,76.705,711.469,0.0399776,3.14214,0.000215405
43,0.0192327,-3.12015,6599.28,-3875.54,76.7542,711.165,0.0397891,3.1773,0.000451667
43,0.0194548,3.12422,6599.26,-3875.57,77.451,710.713,0.0393478,3.11479,-0.000349058
43,0.0194006,3.12276,6599.27,-3875.5,77.148,711.122,0.0397942,3.10945,-0.000270762
43,0.0201734,-0.300006,6599.21,-3875.53,80.6316,711.642,0.0390008,6.09952,0.00327134
43,0.0193724,3.13516,6599.27,-3875.4,77.2922,711.318,0.04007,3.12736,-0.000256168
43,0.0203641,-0.324604,6599.19,-3875.61,81.5992,711.891,0.0387094,6.04732,0.00271822
43,0.0195198,-3.13431,6599.26,-3875.38,77.7593,710.691,0.0395185,3.15518,7.54176e-05
43,0.0207536,-0.316023,6599.16,-3875.54,82.3974,711.624,0.0386808,6.05865,0.00269168
43,0.0194535,-3.1242,6599.26,-3875.5,77.7663,710.517,0.0392468,3.16887,0.000304951
43,0.0193783,-3.12854,6599.27,-3875.49,77.3128,711.185,0.0399405,3.16588,0.000379877
43,0.0192296,-3.14034,6599.28,-3875.5,76.4754,711.389,0.0398282,3.14499,-0.000152036
43,0.0205091,-0.331074,6599.18,-3875.6,81.4303,711.962,0.0386654,6.04553,0.00274278
43,0.0203584,-0.284497,6599.19,-3875.51,81.4009,710.016,0.038754,6.12729,0.00348147
43,0.0191163,1.20554,6599.29,-3875.39,75.9538,711.148,0.0401769,1.08272,-0.00339765
43,0.019249,3.12116,6599.28,-3875.42,76.8556,711.276,0.0398872,3.10705,-0.000315195
43,0.0202617,-0.321759,6599.2,-3875.6,80.8827,711.793,0.0387626,6.06316,0.00296929
43,0.0203939,-0.303377,6599.19,-3875.62,81.3611,711.193,0.038598,6.09059,0.00330797
43,0.0192494,3.12743,6599.28,-3875.52,76.9502,711.15,0.039731,3.11682,-0.00028873
43,0.0193116,-3.14078,6599.27,-3875.42,76.761,711.483,0.0399031,3.13858,-0.000233046
43,0.0194541,-3.13824,6599.26,-3875.58,77.0773,711.023,0.0397962,3.15272,-2.41242e-05
43,0.0190697,-3.14119,6599.29,-3875.54,75.8707,712.133,0.0403846,3.14135,5.12291e-05
43,0.0204299,-0.303226,6599.19,-3875.57,81.4348,711.309,0.0389302,6.09494,0.00340557
43,0.0194377,-3.13199,6599.27,-3875.58,77.1167,710.901,0.0394956,3.16414,0.000283338
43,0.0207238,-0.315954,6599.16,-3875.53,82.7667,712.11,0.0395967,6.0727,0.00196116
43,0.0193135,-3.12918,6599.27,-3875.49,77.0714,710.925,0.0396174,3.16246,0.000439388
43,0.0191982,-3.13838,6599.29,-3875.49,76.1121,711.684,0.040012,3.14889,0.000127251
43,0.0196865,3.13315,6599.25,-3875.41,78.3488,710.515,0.0393285,3.12677,-4.42937e-05
43,0.0192017,1.20894,6599.28,-3875.62,76.4673,710.352,0.0398247,1.08786,-0.00326147
43,0.0203703,-0.315407,6599.19,-3875.43,81.1282,711.962,0.0389736,6.06669,0.00300687
43,0.0193201,-3.1348,6599.27,-3875.57,77.0279,711.169,0.0398126,3.15366,3.34355e-05
43,0.0205273,-0.331089,6599.18,-3875.5,81.9686,712.186,0.0387225,6.03779,0.00238797
43,0.0193034,1.21264,6599.27,-3875.59,76.6275,710.306,0.0398594,1.10811,-0.0028622
43,0.019358,-3.13687,6599.27,-3875.57,76.9798,710.81,0.0394133,3.15263,-1.99158e-05
43,0.0207649,-0.304522,6599.16,-3875.44,82.6642,710.886,0.0385952,6.0892,0.00340951
43,0.0194408,3.11795,6599.26,-3875.4,77.2589,710.909,0.0395937,3.09649,-0.000480162
43,0.0205841,-0.303715,6599.18,-3875.59,81.7991,710.979,0.0385702,6.0883,0.00329605
43,0.019411,1.21142,6599.27,-3875.46,77.1734,710.101,0.0400226,1.09758,-0.0030529
43,0.0191889,-3.12964,6599.28,-3875.4,76.2969,711.493,0.040002,3.16608,0.000227267
43,0.0204661,-0.325626,6587.58,-3875.4,81.5419,712.028,0.038662,6.05361,0.00285756
43,0.0203965,-0.311054,6599.19,-3875.53,81.809,711.162,0.0386296,6.08547,0.00333153
43,0.0204086,-0.312032,6599.19,-3875.4,81.2892,711.836,0.038982,6.07545,0.0030809
43,0.0193557,3.13069,6599.26,-3875.44,77.1113,710.956,0.039641,3.12098,-7.60561e-05
43,0.0192111,1.22454,6599.28,-3875.48,76.6158,710.63,0.039935,1.12562,-0.00249282
43,0.0194779,3.12506,6599.26,-3875.57,77.3942,711.006,0.0398858,3.11045,-0.000403144
43,0.0194503,-3.12344,6599.26,-3875.62,76.9052,711.05,0.0396835,3.16221,5.68088e-05
43,0.020565,-0.330506,6599.17,-3875.42,81.7603,711.841,0.0385182,6.0424,0.00242564
43,0.0204368,-0.295508,6599.19,-3875.4,81.435,710.668,0.0387422,6.10993,0.00346995
43,0.0207003,-0.308417,6599.16,-3875.52,82.5123,711.148,0.0386963,6.08302,0.00325427
43,0.0204676,-0.314313,6599.18,-3875.49,81.008,711.951,0.0390325,6.07113,0.00307793
43,0.0203565,-0.300077,6599.19,-3875.61,81.3648,710.979,0.0385408,6.09704,0.00292572
43,0.0192098,1.21456,6599.28,-3875.61,75.9826,710.884,0.0399684,1.10294,-0.00321409
43,0.0194969,3.14083,6599.26,-3875.47,77.6684,710.972,0.039648,3.13953,0.000125938
43,0.0192788,1.2056,6599.28,-3875.59,76.8834,710.213,0.0399329,1.09163,-0.00325173
43,0.0204471,-0.334793,6599.19,-3875.59,81.5618,711.997,0.0391429,5.83522,-0.000405411
43,0.0194157,1.2325,6599.27,-3875.52,77.4304,710.089,0.0396527,1.13771,-0.00258334
43,0.0202449,-0.295483,6599.2,-3875.38,80.701,711.352,0.0389216,6.10674,0.00338399
43,0.0202475,-0.31861,6599.2,-3875.47,80.4883,712.357,0.0391227,6.06464,0.00286085
43,0.0208012,-0.324217,6599.16,-3875.39,82.5638,711.436,0.0384477,6.05433,0.00263245
43,0.0192181,3.1409,6599.28,-3875.45,76.5109,711.363,0.039746,3.13707,0.000306742
43,0.0203818,-0.318057,6599.19,-3875.63,81.1517,711.945,0.0387927,6.05949,0.00288199
43,0.0204751,-0.330018,6599.18,-3875.41,81.106,712.175,0.0387888,6.04219,0.00251136
43,0.020463,-0.310379,6599.18,-3875.54,81.4881,710.999,0.0387413,6.0969,0.00327321
43,0.0192755,-3.11875,6599.28,-3875.51,76.7299,711.172,0.0397811,3.18105,0.000362667
43,0.019534,-3.13371,6599.26,-3875.53,77.4779,711.02,0.0397668,3.15664,0.000276529
43,0.0196048,3.13668,6599.25,-3875.37,77.3778,710.983,0.0396805,3.1437,-9.08392e-05
43,0.0194608,1.22888,6599.26,-3875.41,77.5733,709.962,0.039695,1.13367,-0.00254685
43,0.0205806,-0.329358,6599.18,-3875.59,82.0177,711.933,0.0387778,6.0436,0.00256463
43,0.0205126,-0.324667,6599.18,-3875.6,81.8462,711.837,0.0387269,6.04928,0.00275554
43,0.0197699,-3.14136,6599.24,-3875.5,78.5054,710.454,0.039327,3.14964,0.00011542
43,0.0192871,1.19866,6599.28,-3875.61,76.0538,710.666,0.0400531,1.06968,-0.00352842
43,0.0197654,3.14057,6599.24,-3875.56,78.4953,710.973,0.0397955,3.14396,1.57763e-05
43,0.0192458,1.21686,6599.28,-3875.51,76.704,710.368,0.0399488,1.11405,-0.00287361
43,0.0195449,-3.14001,6599.26,-3875.54,76.9937,711.237,0.0398276,3.14254,4.15093e-05
43,0.0194074,-3.13873,6599.26,-3875.46,77.1565,711.198,0.0398171,3.1474,3.09842e-05
43,0.0196774,3.13591,6599.24,-3875.39,78.21,710.554,0.0394145,3.11805,-0.000317633
43,0.0207419,-0.318908,6599.16,-3875.41,82.4867,711.389,0.0382621,6.06415,0.00268949
43,0.0206756,-0.294906,6599.17,-3875.57,82.2931,710.546,0.0385961,6.10311,0.00322763
43,0.0192439,3.13946,6599.28,-3875.54,76.8291,711.323,0.0399493,3.1311,-0.000181672
43,0.0194504,3.14064,6599.26,-3875.46,77.3999,710.868,0.0395613,3.14884,1.30345e-05
43,0.0192269,1.21357,6599.28,-3875.49,76.5579,710.874,0.0402404,1.12028,-0.00309375
43,0.020491,-0.305425,6599.18,-3875.47,81.5827,711.119,0.0387329,6.09222,0.00336982
43,0.0192243,-3.1356,6599.28,-3875.47,76.335,711.555,0.0398731,3.15029,3.87886e-05
43,0.0192376,-3.12377,6599.28,-3875.57,76.4927,711.521,0.0400773,3.17566,0.000587741
43,0.0192597,1.19038,6599.28,-3875.52,76.4328,709.958,0.039704,1.05959,-0.0034712
43,0.0195119,-3.13677,6599.26,-3875.47,77.5195,710.923,0.0396385,3.15389,3.0975e-05
43,0.019279,-3.11608,6599.27,-3875.4,76.6585,711.584,0.0401957,3.18657,0.000740364
43,0.0202812,-0.294904,6599.2,-3875.55,80.8411,711.23,0.0388775,6.10398,0.00337984
43,0.0190692,-3.13964,6599.3,-3875.45,76.1589,711.567,0.0398503,3.15066,-2.4601e-05
43,0.0204086,-0.30366,6599.19,-3875.59,81.0211,710.89,0.0387925,6.11232,0.00373155
43,0.019382,1.22625,6599.27,-3875.5,77.3346,710.296,0.0398759,1.13754,-0.0019441
43,0.0193203,3.12261,6599.27,-3875.38,76.7777,711.255,0.0398572,3.10612,-0.000747746
43,0.0191172,3.13321,6599.29,-3875.44,76.4011,711.75,0.040236,3.12691,-0.000159256
43,0.0205195,-0.325497,6599.18,-3875.54,81.5658,711.559,0.038498,6.05224,0.00267797
43,0.0191435,3.13522,6599.29,-3875.57,76.4192,711.661,0.0400731,3.13009,4.01811e-05
43,0.0191622,-3.14036,6599.29,-3875.55,76.2065,711.473,0.0399657,3.1494,-6.36352e-05
43,0.0207369,-0.302558,6599.16,-3875.42,82.4919,710.624,0.0383133,6.09029,0.00334438
43,0.0204661,-0.319349,6599.18,-3875.5,81.3276,711.96,0.0388825,6.05965,0.00274296
43,0.0204678,-0.33123,6599.18,-3875.59,81.7952,712.243,0.0388687,6.03898,0.00235458
43,0.0193816,-3.13131,6599.27,-3875.54,77.0402,710.885,0.0396192,3.15964,-0.000141541
43,0.0192419,-3.13172,6599.28,-3875.62,76.9838,711.19,0.0397943,3.15631,0.000110199
43,0.0203802,-0.30541,6599.19,-3875.46,80.9632,711.695,0.0390114,6.08939,0.00308608
43,0.0202593,-0.320161,6599.2,-3875.6,80.75,712.255,0.0391575,6.07113,0.00296557
43,0.0194467,-3.12115,6599.27,-3875.47,77.174,710.934,0.039659,3.18676,0.000498957
43,0.0207464,-0.304164,6599.17,-3875.41,82.6007,710.905,0.0386057,6.09222,0.00330737
43,0.020345,-0.321513,6599.2,-3875.48,81.1226,712.253,0.0390652,6.0555,0.00305583
43,0.0193514,-3.13639,6599.27,-3875.41,77.0122,710.948,0.0395093,3.15066,0.000282857
43,0.0193162,1.22699,6599.27,-3875.43,76.7413,710.663,0.0401395,1.12335,-0.00278034
43,0.020629,-0.290595,6599.17,-3875.51,81.9221,710.478,0.0388505,6.11154,0.00352269
43,0.0190633,3.13816,6599.29,-3875.48,76.1227,711.509,0.0398848,3.12108,-0.000306769
43,0.0203972,-0.322634,6599.19,-3875.43,81.6143,711.66,0.0388595,6.07074,0.00285446
43,0.0202096,-0.30101,6599.2,-3875.46,80.3722,712.12,0.0394006,6.09768,0.00343354
43,0.019379,-3.14155,6599.27,-3875.48,77.046,711.241,0.0398108,3.14233,3.24638e-07
43,0.019538,3.12471,6599.26,-3875.61,77.9335,710.507,0.0394062,3.10318,-0.00052937
43,0.0192522,1.20937,6599.28,-3875.38,76.4969,710.215,0.0396279,1.09878,-0.00320961
43,0.0204357,-0.316279,6599.19,-3875.63,81.093,712.184,0.0393546,6.06581,0.00266787
43,0.0201535,-0.301973,6599.21,-3875.46,80.2395,712.127,0.0392995,6.09455,0.00339714
43,0.0193172,3.13062,6599.28,-3875.41,77.021,711.141,0.0397706,3.12323,-0.000290582
43,0.0206546,-0.308675,6599.18,-3875.43,82.0154,711.198,0.0386499,6.0827,0.00295223
43,0.019364,-3.12993,6599.27,-3875.59,77.0981,711.107,0.0397897,3.15612,9.80496e-05
43,0.0195857,-3.13206,6599.25,-3875.61,78.0213,710.566,0.039427,3.15525,0.00015537
43,0.0192158,3.12867,6599.28,-3875.59,76.5793,711.263,0.0398085,3.11428,-0.000411197
43,0.019278,-3.11892,6599.28,-3875.62,76.7171,711.664,0.0403251,3.18119,0.000362698
43,0.0205161,-0.331193,6599.18,-3875.39,81.3929,712.138,0.0388425,6.04254,0.00267869
43,0.0190284,1.20132,6599.29,-3875.57,76.0304,710.724,0.0399439,1.07885,-0.00338487
43,0.019259,-3.13328,6576.25,-3875.41,76.5451,712.032,0.0400448,3.15467,0.000210814
43,0.0201766,-0.332075,6599.21,-3875.48,81.4047,712.198,0.0388914,6.04731,0.00249714
43,0.020401,-0.301938,6599.19,-3875.48,81.1415,711.331,0.0389597,6.09937,0.00340185
43,0.0203863,-0.300927,6599.19,-3875.43,81.2754,711.039,0.0388606,6.10446,0.00341155
43,0.0206847,-0.320368,6599.16,-3875.46,82.542,711.654,0.0387347,6.06146,0.00260269
43,0.0205039,-0.289234,6599.18,-3875.47,81.7035,710.382,0.0386777,6.11125,0.00333321
43,0.0191459,1.20508,6599.28,-3875.6,76.2804,710.892,0.0403024,1.08486,-0.00327933
43,0.019602,-3.13154,6599.25,-3875.56,78.1899,710.665,0.0395166,3.16699,0.000344922
43,0.0190504,3.13869,6599.3,-3875.48,76.1863,711.676,0.0400639,3.13304,-2.31372e-05
43,0.019601,3.13669,6599.25,-3875.46,77.8139,710.759,0.0395807,3.13007,-0.000107759
43,0.0195509,3.13973,6599.26,-3875.61,77.5013,710.845,0.0395625,3.13582,0.000260794
43,0.020528,-0.300057,6599.17,-3875.52,81.7253,710.923,0.0385616,6.09303,0.00334053
43,0.0204556,-0.294906,6599.19,-3875.5,81.3301,710.581,0.0387939,6.11623,0.0036916
43,0.0193132,3.11944,6599.28,-3875.49,76.9073,711.097,0.0397777,3.10177,-0.00061316
43,0.0194636,-3.12319,6599.26,-3875.52,77.6142,710.746,0.0395661,3.17375,0.000385356
43,0.0202801,-0.320571,6599.2,-3875.5,80.9675,712.003,0.0389546,6.06059,0.00267269
43,0.0202678,-0.310721,6599.2,-3875.45,80.6077,712.008,0.0389859,6.08054,0.00314101
43,0.0197249,3.13831,6599.24,-3875.5,78.4056,710.596,0.0393295,3.13881,3.32365e-05
43,0.0192007,1.21008,6599.28,-3875.43,76.0672,711.04,0.0401904,1.09614,-0.00329517
43,0.0207182,-0.302192,6599.16,-3875.63,82.6546,710.723,0.0383801,6.09049,0.00310489
43,0.0204151,-0.29429,6599.19,-3875.45,81.5656,710.718,0.0388365,6.10778,0.00338501
43,0.0200973,-0.304755,6599.21,-3875.48,80.5179,711.661,0.0390368,6.09958,0.00323577
43,0.0193963,-3.12668,6599.27,-3875.5,77.3111,710.983,0.0396747,3.16614,0.000261531
43,0.0190857,1.21886,6599.29,-3875.61,76.1417,711.104,0.0402422,1.11701,-0.00299755
43,0.0193824,1.2191,6599.26,-3875.42,77.0213,709.945,0.0397706,1.1124,-0.0027954
43,0.020627,-0.306486,6599.17,-3875.5,82.0556,711.119,0.0386076,6.08208,0.00299086
43,0.0203033,-0.32405,6599.2,-3875.41,80.966,712.056,0.0388994,6.05249,0.00248549
43,0.0206813,-0.319568,6599.17,-3875.45,82.0845,711.606,0.0386603,6.06116,0.00282979
43,0.0193309,-3.13655,6599.27,-3875.37,76.8839,711.176,0.0397905,3.14985,0.000355657
43,0.0205259,-0.292724,6599.2,-3875.4,81.8665,710.121,0.0382383,6.10832,0.0032919
43,0.0191744,1.19335,6599.28,-3875.42,76.3741,710.342,0.0401185,1.06599,-0.00342822
43,0.0203516,-0.295957,6599.19,-3875.41,81.1571,711.058,0.039073,6.11177,0.00386845
43,0.0203257,-0.297148,6599.2,-3875.52,81.0031,711.36,0.039015,6.10229,0.00330747
43,0.0193277,3.13557,6599.27,-3875.48,76.6186,711.405,0.0400065,3.11831,-0.000383476
43,0.019149,3.13224,6599.28,-3875.45,76.4168,711.494,0.0398951,3.13057,4.33519e-05
43,0.020718,-0.305087,6599.17,-3875.5,82.2421,711.045,0.0384737,6.08217,0.00313031
43,0.0194272,-3.13597,6599.27,-3875.54,77.1971,710.96,0.0396576,3.14903,0.000466104
43,0.0191668,3.13093,6599.28,-3875.41,76.5332,711.267,0.0397654,3.11929,-0.000380125
43,0.0191946,1.20907,6599.28,-3875.44,76.5157,710.486,0.0399389,1.09691,-0.0030258
43,0.0202691,-0.296426,6599.2,-3875.55,80.5112,711.429,0.0389076,6.10541,0.0037295
43,0.0192188,1.21989,6599.28,-3875.5,76.8959,710.048,0.0397093,1.11308,-0.00274461
43,0.0206823,-0.326887,6599.16,-3875.46,82.411,711.314,0.0381953,6.04764,0.00250224
43,0.0202929,-0.328245,6599.2,-3875.62,80.6193,712.209,0.0389777,6.05165,0.00293735
43,0.0203768,-0.300569,6599.19,-3875.62,81.1807,711.027,0.038925,6.10806,0.00340041
43,0.020822,-0.316096,6599.16,-3875.48,82.7784,711.38,0.0384004,6.06272,0.0027662
43,0.019328,1.2306,6599.27,-3875.48,76.9815,710.54,0.0399562,1.13404,-0.00276277
43,0.0190924,-3.14111,6599.28,-3875.43,76.2192,711.72,0.0400688,3.14325,-0.000165462
43,0.0205618,-0.298735,6599.18,-3875.38,81.6345,711.213,0.0389305,6.09564,0.00322794
43,0.0206895,-0.317152,6599.17,-3875.63,82.7025,711.25,0.038315,6.0659,0.00309925
43,0.0194892,1.21994,6599.26,-3875.56,77.3979,709.934,0.0398844,1.1223,-0.00302465
43,0.0193545,3.13718,6599.27,-3875.55,77.0864,711.039,0.0397898,3.12642,-0.000275772
43,0.020382,-0.318454,6599.19,-3875.54,81.0008,711.994,0.0390385,6.06027,0.00280979
43,0.0202896,-0.327616,6599.2,-3875.57,80.5767,712.097,0.03879,6.04938,0.0026895
43,0.019695,3.13286,6599.24,-3875.62,78.2289,710.701,0.039534,3.12576,-0.000192596
43,0.0195373,3.11431,6599.26,-3875.57,77.7972,710.677,0.0396222,3.10858,-9.45313e-05
43,0.0202554,-0.321198,6599.2,-3875.51,80.8041,712.009,0.0387032,6.0598,0.00247677
43,0.0194919,3.11837,6599.26,-3875.47,77.7093,710.816,0.0397263,3.09792,-0.000485841
43,0.0201302,-0.318696,6599.21,-3875.44,80.2308,712.336,0.0390043,6.06344,0.00296916
43,0.0205179,-0.329176,6599.18,-3875.44,81.8694,711.695,0.0385008,6.04552,0.00266371
43,0.019466,3.12875,6599.26,-3875.52,77.415,710.831,0.0395992,3.1218,-0.000130914
43,0.019176,1.19472,6599.28,-3875.51,76.3151,710.207,0.0398599,1.06536,-0.00353104
43,0.0195732,-3.12672,6599.25,-3875.56,77.8695,710.804,0.0396497,3.17098,0.000100521
43,0.0207382,-0.318131,6599.16,-3875.54,82.1827,711.475,0.0384289,6.06687,0.00264834
43,0.0195566,1.2212,6599.26,-3875.56,76.9513,710.123,0.0397973,1.11427,-0.00295523
43,0.0195281,3.13363,6599.26,-3875.49,77.8324,711.068,0.0398802,3.13202,-0.000378357
43,0.0191783,-3.13888,6599.28,-3875.46,76.5456,711.222,0.0397181,3.1478,-3.35783e-05
43,0.0192705,3.12933,6599.28,-3875.61,76.9223,711.176,0.0397698,3.12736,-9.55944e-05
43,0.0196288,3.12929,6599.25,-3875.4,78.0688,710.695,0.0395481,3.12198,-0.000325164
43,0.0192745,1.22425,6599.28,-3875.42,76.8363,710.415,0.0398097,1.12676,-0.00270109
43,0.0190664,1.21254,6581.08,-3875.41,75.8796,711.533,0.039987,1.1029,-0.00303353
43,0.0201476,-0.310436,6599.21,-3875.5,80.1894,712.237,0.0391813,6.09095,0.00353556
43,0.0202497,-0.289854,6599.2,-3875.6,80.6553,711.004,0.0388736,6.1154,0.0035541
43,0.0194693,-3.11808,6599.26,-3875.6,77.5776,710.879,0.0397015,3.17698,0.000161835
43,0.0207552,-0.310689,6599.16,-3875.51,82.7943,711.043,0.0385861,6.08518,0.00322903
43,0.0204411,-0.33366,6599.19,-3875.54,81.49,712.32,0.0388329,6.03524,0.00211663
43,0.0205738,-0.318886,6599.17,-3875.43,81.9306,711.754,0.0387327,6.0581,0.00273022
43,0.0202157,-0.30495,6599.2,-3875.58,80.6713,711.803,0.0389745,6.09168,0.00322742
43,0.019458,-3.1265,6599.26,-3875.5,77.686,710.806,0.0395999,3.17298,0.000459657
43,0.0191377,1.2058,6599.29,-3875.47,75.9813,710.812,0.0398511,1.0836,-0.00345636
43,0.0202441,-0.303899,6599.2,-3875.42,80.6448,711.885,0.0391354,6.09112,0.00274625
43,0.0194347,-3.13184,6599.27,-3875.49,77.481,710.885,0.0395748,3.17144,0.000560366
43,0.0193828,-3.13133,6599.27,-3875.52,77.3175,711.081,0.0397294,3.15857,9.96887e-05
43,0.0192271,-3.13302,6599.27,-3875.43,76.6085,711.356,0.0398663,3.15595,-2.22195e-05
43,0.0196057,3.12409,6599.26,-3875.48,77.9825,710.65,0.0395392,3.10736,-0.000337434
43,0.0191969,-3.13254,6599.28,-3875.55,76.451,711.387,0.0399078,3.16404,0.000249082
43,0.0201949,-0.300273,6599.21,-3875.49,80.2604,711.817,0.0391231,6.10042,0.00319193
43,0.0207561,-0.30992,6599.16,-3875.62,82.5853,711.569,0.0388424,6.07681,0.00305817
43,0.0203773,-0.313495,6599.19,-3875.46,81.1015,711.597,0.0386225,6.07565,0.00280361
43,0.0191399,1.20192,6599.29,-3875.41,75.9633,710.665,0.0398545,1.07952,-0.003461
43,0.0203056,-0.321069,6599.2,-3875.6,80.5464,712.314,0.03921,6.06513,0.00284079
43,0.0204611,-0.31282,6599.19,-3875.51,81.3666,711.73,0.0390042,6.07538,0.0030738
43,0.0203274,-0.296392,6599.19,-3875.43,80.9398,711.325,0.0389283,6.10261,0.00342696
43,0.0203524,-0.296669,6599.19,-3875.55,81.2113,711.438,0.0390563,6.09907,0.0035067
43,0.0191222,-3.12792,6599.29,-3875.4,76.0551,711.622,0.0400398,3.165,0.000222785
43,0.0201478,-0.31755,6599.21,-3875.46,80.2734,712.205,0.0390588,6.0657,0.00276989
43,0.020669,-0.294057,6599.17,-3875.55,82.2809,710.247,0.038573,6.10943,0.00314966
43,0.0189462,1.20398,6599.3,-3875.59,75.7891,711.204,0.0402217,1.07963,-0.00331453
43,0.0193853,1.22952,6599.27,-3875.41,77.3522,710.29,0.0397864,1.1391,-0.0025578
43,0.0192956,1.19596,6599.27,-3875.62,76.46,710.16,0.0399508,1.07057,-0.00351688
43,0.0191809,1.22325,6599.28,-3875.54,76.1818,710.975,0.0400015,1.12657,-0.00277552
43,0.0192257,1.19714,6599.28,-3875.52,76.1467,710.395,0.0399385,1.07008,-0.00345466
43,0.019442,3.13601,6599.26,-3875.45,77.2962,711.114,0.0396823,3.13098,1.72963e-05
43,0.0191501,1.2007,6599.28,-3875.45,76.0436,710.53,0.039734,1.07669,-0.00322884
43,0.0192708,3.14159,6599.28,-3875.44,76.7688,711.317,0.0398437,3.13895,-0.000264089
43,0.0191318,1.19923,6599.29,-3875.41,76.1261,710.517,0.0400057,1.07137,-0.00327062
43,0.0192327,1.20116,6599.28,-3875.41,76.1895,710.647,0.040142,1.07258,-0.00345399
43,0.0194544,-3.12153,6599.27,-3875.48,77.4837,710.845,0.0394632,3.16461,0.000236671
43,0.0204663,-0.302796,6599.19,-3875.37,81.7099,711.254,0.0388116,6.09061,0.00299362
43,0.0191838,3.12086,6599.28,-3875.58,76.0663,711.71,0.0400644,3.11693,-0.000274127
43,0.0205776,-0.326751,6599.18,-3875.38,81.929,711.85,0.0387085,6.04666,0.00272357
43,0.0201538,-0.306357,6599.2,-3875.46,80.3045,711.865,0.0390026,6.09495,0.00342913
43,0.0195987,-3.12663,6599.25,-3875.42,78.1072,710.451,0.0393174,3.16653,0.000425999
43,0.0195284,3.14096,6599.26,-3875.6,77.9907,710.578,0.039308,3.14043,0.000107708
43,0.0193141,-3.13668,6599.27,-3875.61,77.0241,710.994,0.0395408,3.14237,0.000119072
43,0.0200613,-0.282794,6599.22,-3875.63,80.8167,712.113,0.0390614,6.05914,0.0028574
43,0.0192649,3.13003,6599.28,-3875.52,76.5497,711.232,0.0396931,3.11735,-0.000448553
43,0.0192591,-3.11725,6599.28,-3875.45,76.3558,711.284,0.0397331,3.18052,0.000453093
43,0.0191833,1.21112,6599.28,-3875.37,76.1766,710.752,0.0400041,1.10175,-0.00298714
43,0.0206642,-0.302904,6599.17,-3875.4,82.3801,710.759,0.038549,6.0919,0.00320291
43,0.0195305,3.13063,6599.25,-3875.44,78.0407,710.913,0.0397891,3.12016,-0.000383178
43,0.0204959,-0.303882,6599.18,-3875.6,81.3925,711.538,0.038909,6.08344,0.00320501
43,0.0194885,3.13085,6599.26,-3875.6,77.5592,710.713,0.0394608,3.13058,-2.00138e-05
43,0.0201105,-0.31911,6599.21,-3875.42,80.2116,712.358,0.039112,6.06562,0.00295588
43,0.0191574,3.1409,6599.29,-3875.46,76.4274,711.404,0.0397263,3.13962,-0.000141748
43,0.0192569,3.13748,6599.28,-3875.63,76.8988,711.065,0.0395424,3.1397,-0.00024975
43,0.0197699,-3.14085,6599.24,-3875.57,78.5687,710.635,0.0394798,3.14262,-0.00024857
43,0.0194478,-3.1287,6599.26,-3875.4,77.6606,710.993,0.0398749,3.16893,0.000221776
43,0.0191558,1.2043,6599.29,-3875.47,76.3601,710.755,0.0402319,1.08846,-0.0031944
43,0.0192904,1.20882,6599.27,-3875.52,76.9412,710.264,0.0400928,1.10252,-0.00325647
43,0.0192449,3.13639,6599.28,-3875.44,76.3219,711.419,0.0397895,3.13052,3.03199e-05
43,0.0191347,-3.11757,6599.29,-3875.53,76.2899,711.73,0.0401818,3.17414,0.000324463
43,0.020559,-0.330679,6599.18,-3875.59,81.8572,711.934,0.038788,6.04654,0.00294735
43,0.0205231,-0.321702,6599.18,-3875.45,81.6292,711.899,0.0388101,6.05293,0.00262305
43,0.0194709,-3.11129,6599.26,-3875.54,77.7622,710.616,0.0393846,3.18332,0.000835283
43,0.0195539,1.23944,6599.26,-3875.54,77.4049,710.317,0.0398914,1.14135,-0.00255182
43,0.020577,-0.287643,6599.17,-3875.58,81.985,709.944,0.0387131,6.11879,0.00362278
43,0.01973,-3.12828,6599.24,-3875.44,78.3409,710.662,0.0396058,3.16408,0.00048924
43,0.0192057,1.21727,6599.28,-3875.41,76.4014,710.68,0.0400061,1.1153,-0.00272903
43,0.0203679,-0.293904,6599.19,-3875.38,80.9828,710.989,0.0388128,6.10798,0.00315212
43,0.0202126,-0.305025,6599.21,-3875.49,80.5213,711.766,0.0388022,6.08816,0.00279386
43,0.0193207,-3.13576,6599.27,-3875.58,76.9924,711.072,0.0397376,3.15357,0.00031528
43,0.0190496,1.19478,6599.29,-3875.62,75.9551,710.48,0.0398598,1.06247,-0.00370014
43,0.0207706,-0.307238,6599.16,-3875.55,82.808,710.778,0.0383767,6.08739,0.00312323
43,0.0192571,1.19357,6599.28,-3875.45,76.5051,709.954,0.0397762,1.06357,-0.00341967
43,0.0204866,-0.295127,6599.19,-3875.59,81.5605,710.578,0.0385435,6.10548,0.00333905
43,0.0203457,-0.298381,6599.19,-3875.41,81.1198,711.347,0.0389472,6.10031,0.00324713
43,0.0193062,-3.13966,6599.27,-3875.57,76.7729,711.165,0.0396532,3.14802,2.3159e-05
43,0.0192801,1.21045,6599.28,-3875.46,76.9424,710.163,0.0400077,1.105,-0.00280511
43,0.0202911,-0.302332,6599.19,-3875.42,80.837,711.567,0.0389443,6.09609,0.00329953
43,0.0191587,1.18776,6599.28,-3875.38,76.2287,710.189,0.0401447,1.05705,-0.00358769
43,0.0204712,-0.317248,6599.18,-3875.6,81.5471,711.654,0.0390327,6.07058,0.00285869
43,0.0195116,3.12908,6599.26,-3875.45,77.7432,710.976,0.0398161,3.11746,-0.000132684
43,0.0204531,-0.30619,6599.19,-3875.62,81.2024,711.392,0.0386965,6.08669,0.00298016
43,0.0204647,-0.326792,6599.18,-3875.54,81.4114,712.24,0.039004,6.04404,0.00252043
43,0.0195638,-3.12106,6599.26,-3875.41,77.7697,710.664,0.0395038,3.17809,0.000365945
43,0.0207239,-0.309437,6599.16,-3875.52,82.5088,711.026,0.0383815,6.08233,0.00280272
43,0.0204269,-0.318575,6599.19,-3875.46,81.228,712.064,0.039086,6.06445,0.0028294
43,0.0201831,-0.323124,6599.21,-3875.58,80.689,712.075,0.0387975,6.05049,0.00248535
43,0.019,-3.13355,6599.3,-3875.61,75.729,712.028,0.0402823,3.1479,0.000169196
43,0.0192693,-3.12466,6599.27,-3875.59,76.5828,711.348,0.0398796,3.16822,0.000104952
43,0.0192652,3.12607,6599.28,-3875.43,76.2983,711.747,0.0402119,3.11135,-0.000346301
43,0.0195346,-3.13267,6599.26,-3875.4,77.8138,710.602,0.0394304,3.16077,0.000493632
43,0.0206056,-0.32488,6599.18,-3875.41,82.0274,711.873,0.0385099,6.05127,0.0027656
43,0.0194552,3.14104,6599.26,-3875.38,77.2838,711.112,0.0396881,3.14629,6.41057e-05
43,0.0193205,3.13578,6599.27,-3875.47,76.951,711.18,0.0398507,3.12977,-0.000279954
43,0.0192778,3.11909,6599.28,-3875.45,76.7127,711.241,0.0398637,3.10473,-0.000534057
43,0.0194783,-3.1229,6599.26,-3875.4,77.3777,710.738,0.0394829,3.17018,0.000303486
43,0.0190036,1.21033,6599.3,-3875.59,75.7136,711.392,0.0402404,1.09619,-0.00325152
43,0.0208044,-0.31081,6599.16,-3875.38,82.8163,711.1,0.038483,6.08129,0.00293537
43,0.0194072,-3.11659,6599.27,-3875.55,77.2567,710.968,0.0396925,3.18932,0.000430942
43,0.0202313,-0.293712,6599.2,-3875.54,80.4442,711.369,0.0388838,6.10977,0.00391421
43,0.0194077,-3.12447,6599.27,-3875.57,77.5291,710.912,0.0395106,3.17455,0.000379488
43,0.0193344,1.22314,6599.27,-3875.4,76.851,710.476,0.0401419,1.11721,-0.00280258
43,0.0207388,-0.299875,6599.16,-3875.44,82.4269,710.271,0.0382791,6.09923,0.00327759
43,0.0204312,-0.298645,6599.19,-3875.49,81.2676,710.96,0.0387587,6.10513,0.00343434
43,0.0203634,-0.296201,6599.19,-3875.38,80.965,711.422,0.0391525,6.10489,0.0032926
43,0.0193881,3.12184,6599.26,-3875.47,76.8472,711.207,0.0397962,3.12058,-0.000305431
43,0.0193439,3.13571,6599.27,-3875.47,77.0877,711.067,0.0397826,3.12855,-0.000140781
43,0.0203916,-0.321508,6599.19,-3875.43,80.9991,712.329,0.0390377,6.04601,0.00261382
43,0.0194576,3.13841,6599.26,-3875.39,77.5541,711.029,0.0395853,3.13651,-5.47051e-05
43,0.020256,-0.326253,6599.2,-3875.53,80.9807,711.914,0.0386225,6.04993,0.0027191
43,0.0205244,-0.317966,6599.18,-3875.42,81.6962,711.835,0.038694,6.0585,0.00275122
43,0.0190956,1.21287,6599.29,-3875.45,75.9238,711.192,0.0401935,1.10084,-0.00325308
43,0.019356,1.22388,6599.27,-3875.62,77.6439,710.519,0.039501,1.12942,-0.00287255
43,0.0192758,1.22998,6599.28,-3875.57,76.9836,710.136,0.0396037,1.13027,-0.00268037
43,0.0206199,-0.316146,6599.17,-3875.5,82.2894,711.296,0.0384652,6.07462,0.00315473
43,0.0204056,-0.299871,6599.19,-3875.49,81.4086,710.805,0.0387479,6.1062,0.00313175
43,0.0205232,-0.305787,6599.18,-3875.5,82.0556,711.055,0.0385219,6.08366,0.0028731
43,0.0203407,-0.293335,6599.19,-3875.53,80.8162,711.1,0.0389981,6.11239,0.00353738
43,0.0201214,-0.320392,6599.21,-3875.44,80.3494,712.31,0.039096,6.06296,0.00298483
43,0.0192165,-3.12686,6599.28,-3875.51,76.3047,711.725,0.0402431,3.16789,0.00054259
43,0.0207389,-0.310547,6599.16,-3875.42,82.5828,711.361,0.0385158,6.07214,0.00294732
43,0.0205508,-0.31683,6599.18,-3875.59,81.8484,711.363,0.0385026,6.06815,0.00313547
43,0.020214,-0.322179,6599.2,-3875.62,80.6752,712.008,0.038881,6.05733,0.00273993
43,0.020472,-0.31709,6599.18,-3875.5,81.499,711.626,0.0387064,6.07091,0.00309339
43,0.0202979,-0.295274,6599.2,-3875.43,80.5472,711.201,0.0388388,6.11156,0.00336001
43,0.0202243,-0.329587,6599.2,-3875.44,80.7676,712.113,0.0387323,6.04481,0.00273184
43,0.0204948,-0.296296,6599.18,-3875.41,81.6502,710.206,0.0383252,6.10861,0.00353188
43,0.02037,-0.323992,6599.19,-3875.43,81.0689,711.924,0.0388238,6.05547,0.00331672
43,0.0204847,-0.315222,6599.19,-3875.43,81.3061,711.892,0.0389778,6.06721,0.0028266
43,0.0203745,-0.32004,6599.19,-3875.39,81.1064,712.04,0.0390817,6.06079,0.00290132
43,0.0202513,-0.294016,6599.2,-3875.47,80.841,710.704,0.0385508,6.11465,0.00355301
43,0.0204718,-0.295838,6599.18,-3875.46,81.4938,710.522,0.0386917,6.11185,0.00355713
43,0.0192823,3.12095,6599.28,-3875.5,77.0473,711.13,0.0398515,3.1079,-0.000257187
43,0.0203451,-0.289667,6599.19,-3875.47,81.017,710.694,0.0390006,6.12135,0.00353381
43,0.0198457,-3.13894,6599.24,-3875.43,78.416,710.555,0.0393567,3.14772,0.000147821
43,0.019642,3.13939,6599.25,-3875.41,78.5159,710.486,0.0392889,3.13281,-0.000325592
43,0.0203874,-0.292563,6599.18,-3875.45,80.9835,710.877,0.0389341,6.11611,0.00346613
43,0.0203692,-0.327943,6599.19,-3875.52,81.2839,712.059,0.0386488,6.04161,0.00234538
43,0.0191527,3.12463,6599.28,-3875.44,76.2628,711.572,0.040224,3.11238,-0.00049109
43,0.0205015,-0.32532,6599.18,-3875.58,81.6932,712.158,0.0389299,6.04609,0.00248368
43,0.019388,1.23526,6599.27,-3875.47,77.0768,710.282,0.0396555,1.13925,-0.0029071
43,0.0193415,1.21176,6599.27,-3875.56,76.993,709.957,0.0397495,1.10934,-0.00274049
43,0.0207353,-0.306464,6599.16,-3875.58,82.5582,710.85,0.0385526,6.09003,0.00325988
43,0.0192499,-3.11848,6599.28,-3875.5,76.5595,710.568,0.0390703,3.18368,0.000783851
43,0.0196516,-3.14126,6599.25,-3875.43,78.4924,710.674,0.0395674,3.14463,0.000309616
43,0.0206526,-0.301552,6599.17,-3875.59,82.199,711.392,0.0388338,6.08857,0.00304187
43,0.0191951,-3.13951,6599.28,-3875.51,76.2443,711.605,0.0399895,3.15106,0.000246379
43,0.0192113,-3.11859,6599.28,-3875.49,76.5148,711.42,0.0400557,3.18197,0.000806353
43,0.0190902,3.13125,6599.29,-3875.51,76.0245,711.525,0.0399141,3.12618,-0.000461076
43,0.0202607,-0.30397,6599.2,-3875.57,80.6645,712.071,0.0392397,6.08889,0.00312225
43,0.0193886,-3.13535,6599.27,-3875.39,77.0386,711.174,0.0398357,3.14921,-1.46247e-05
43,0.020587,-0.314861,6599.18,-3875.55,81.8962,711.627,0.038665,6.07152,0.00287293
43,0.0194555,-3.11394,6599.26,-3875.47,77.1874,710.999,0.0399278,3.19129,0.000720912
43,0.0195341,3.12541,6599.26,-3875.57,77.6887,710.537,0.0393146,3.11199,-0.000357148
43,0.0202377,-0.32673,6599.21,-3875.44,80.3816,712.149,0.0388863,6.05677,0.00288619
43,0.0196821,3.13911,6599.25,-3875.45,78.3597,710.712,0.0396567,3.13088,-0.000188057
43,0.0191189,1.21519,6599.28,-3875.55,75.8152,711.223,0.0401646,1.10253,-0.00314102
43,0.0194013,3.11257,6599.26,-3875.39,77.3024,710.928,0.0396132,3.09692,-0.00091057
43,0.0194369,-3.13872,6599.27,-3875.59,77.1652,711.15,0.0398405,3.16081,0.000300486
43,0.020473,-0.331844,6599.18,-3875.6,81.434,712.253,0.0387849,6.03715,0.00274663
43,0.0192534,-3.13313,6599.28,-3875.54,76.7667,711.347,0.0399278,3.15195,0.000287788
43,0.0204715,-0.30099,6599.19,-3875.43,81.3773,710.972,0.0388174,6.10328,0.00311454
43,0.0196627,-3.13342,6599.24,-3875.44,78.5655,710.613,0.0394251,3.1504,0.000188439
43,0.0202335,-0.30046,6599.2,-3875.37,80.3319,711.786,0.0389956,6.09329,0.00322533
43,0.0191768,3.13702,6599.29,-3875.39,76.3419,711.628,0.0401263,3.12832,-0.000267012
43,0.0191022,1.18893,6599.29,-3875.38,76.1136,710.197,0.0399436,1.05397,-0.00376181
43,0.0192295,-3.13602,6599.27,-3875.43,76.7676,711.257,0.0397667,3.15021,-0.000211937
43,0.0202034,-0.293547,6599.2,-3875.59,80.3945,711.829,0.0393025,6.10471,0.00353784
43,0.0192502,1.21022,6599.28,-3875.62,76.8725,710.174,0.0398684,1.10284,-0.00293328
43,0.0190736,-3.13758,6599.29,-3875.5,75.712,712.088,0.040255,3.1491,0.000220999
43,0.0193032,1.20997,6599.27,-3875.61,76.9898,709.98,0.0397943,1.09513,-0.00324355
43,0.0191699,-3.1331,6599.28,-3875.61,76.7563,711.249,0.0398071,3.16058,0.000300405
43,0.0192885,3.12225,6599.27,-3875.51,76.9819,711.156,0.0398616,3.10988,-0.00043772
43,0.0204553,-0.314539,6599.19,-3875.54,81.3075,711.561,0.0386434,6.07629,0.00293003
43,0.0205704,-0.307488,6599.17,-3875.55,82.2281,711.024,0.038587,6.08457,0.00314763
43,0.0192431,1.20902,6599.28,-3875.42,76.5915,710.318,0.0398049,1.09318,-0.0032379
43,0.0192967,-3.13928,6599.27,-3875.58,76.8616,711.303,0.0398672,3.1467,0.000134056
43,0.0207303,-0.310782,6599.16,-3875.53,82.4988,711.215,0.0385738,6.08027,0.00304108
43,0.0206629,-0.330981,6599.16,-3875.51,82.107,711.764,0.0384574,6.04369,0.00261454
43,0.0206028,-0.298653,6599.17,-3875.46,81.8479,710.497,0.038389,6.10102,0.00324567
43,0.0205429,-0.304636,6599.18,-3875.51,81.649,711.093,0.038667,6.09095,0.00322215
43,0.0196224,-3.12633,6599.25,-3875.54,77.9297,710.652,0.0395724,3.17303,0.00047836
43,0.0193604,1.21649,6599.27,-3875.54,76.9202,710,0.039697,1.11142,-0.00297929
43,0.0191937,-3.13219,6599.28,-3875.45,76.4342,711.366,0.039794,3.16118,0.000253537
43,0.020395,-0.292956,6599.19,-3875.48,81.0644,710.906,0.0388285,6.11253,0.00379652
43,0.0195779,3.12375,6599.25,-3875.55,77.824,711.214,0.0400756,3.10806,-0.000356811
43,0.0201894,-0.318762,6599.21,-3875.4,80.2643,712.258,0.0390257,6.06206,0.0025941
43,0.0203556,-0.300147,6599.19,-3875.59,80.8475,711.304,0.0387795,6.10011,0.00320531
43,0.0192426,1.19563,6599.28,-3875.5,76.3874,709.968,0.0400456,1.05784,-0.00361958
43,0.0194874,-3.14045,6599.26,-3875.44,77.827,710.947,0.0397176,3.14497,0.000259728
43,0.0195313,3.13075,6599.26,-3875.4,77.4287,711.042,0.0398386,3.11865,-0.00023044
43,0.0192651,1.20367,6599.28,-3875.53,76.1686,710.41,0.0399704,1.06815,-0.00362632
43,0.0203414,-0.31332,6599.2,-3875.41,81.0264,711.827,0.0387457,6.075,0.00330488
43,0.0202903,-0.307579,6599.19,-3875.46,80.5469,712.015,0.0391362,6.0878,0.00317453
43,0.0195495,3.12344,6599.26,-3875.58,77.9149,710.94,0.0398287,3.11691,-0.000429015
43,0.0192613,3.12661,6599.28,-3875.59,76.7309,711.088,0.0396872,3.11228,-0.000291757
43,0.0192396,3.11998,6599.28,-3875.52,76.3843,711.332,0.0397306,3.1008,-0.000753977
43,0.0191508,3.13409,6599.29,-3875.4,76.4405,711.521,0.0399712,3.12537,-9.73886e-05
43,0.0191159,3.12236,6599.29,-3875.47,76.8034,711.408,0.0400213,3.11189,-0.000284408
43,0.0192767,-3.11107,6599.27,-3875.43,76.9246,711.296,0.0399834,3.18935,0.000449479
43,0.0195214,-3.1382,6599.26,-3875.56,77.375,711.105,0.0398758,3.17086,0.000477185
43,0.0193849,3.12341,6599.27,-3875.58,77.1618,711.005,0.0396947,3.10962,-0.000553399
43,0.0204263,-0.326647,6599.19,-3875.52,81.1438,712.219,0.0387762,6.04047,0.00242111
43,0.019244,1.20274,6599.27,-3875.39,76.5391,710.137,0.0395716,1.08471,-0.00301705
43,0.0207209,-0.296102,6599.16,-3875.61,81.9272,710.343,0.0387038,6.10873,0.00342401
43,0.0204015,-0.323488,6599.19,-3875.62,81.0192,711.462,0.0387384,6.09442,0.00309857
43,0.0194562,3.12467,6599.27,-3875.55,77.4683,710.757,0.0395268,3.10343,-0.000670813
43,0.0193737,-3.13709,6599.27,-3875.43,77.2993,711.446,0.0401948,3.1492,0.000160796
43,0.0207701,-0.320574,6599.16,-3875.53,82.5652,711.318,0.0383646,6.06425,0.00320681
43,0.0192528,1.21225,6599.28,-3875.41,76.7112,710.218,0.0397318,1.10238,-0.00327491
43,0.020499,-0.324631,6599.18,-3875.41,81.6548,711.78,0.0388029,6.05939,0.00298679
43,0.0196117,-3.13486,6599.25,-3875.58,78.1865,710.77,0.039629,3.1415,-8.51732e-05
43,0.0193807,-3.11515,6599.26,-3875.43,77.0706,711.02,0.0396266,3.18746,0.000784069
43,0.019583,-3.12334,6599.25,-3875.52,77.7979,710.633,0.0395119,3.17098,0.000141373
43,0.0202785,-0.301556,6599.2,-3875.38,80.7491,711.765,0.0393818,6.09578,0.00358516
43,0.0206449,-0.304689,6599.17,-3875.41,82.1115,711.038,0.038809,6.09322,0.00338734
43,0.0193452,3.1267,6599.27,-3875.56,77.176,711.131,0.0398449,3.10599,-0.000525633
43,0.0194165,3.12077,6599.26,-3875.38,77.5621,711.115,0.0399159,3.10703,-0.00023854
43,0.0194924,3.12991,6599.26,-3875.53,77.7372,710.696,0.0393956,3.12606,-0.000186045
43,0.0190805,3.12524,6599.29,-3875.39,75.9939,711.595,0.0399652,3.11446,-0.000460144
43,0.020503,-0.286471,6599.18,-3875.51,81.2618,710.225,0.0388024,6.12524,0.00366943
43,0.018961,1.20506,6599.3,-3875.56,75.7526,711.283,0.0402008,1.08737,-0.00329517
43,0.0202791,-0.302671,6599.2,-3875.4,80.5661,711.786,0.0390965,6.10011,0.00356964
43,0.0202314,-0.310932,6599.2,-3875.5,80.7994,711.698,0.0384404,6.08173,0.00290788
43,0.0206238,-0.310927,6599.17,-3875.61,82.2951,710.856,0.0383908,6.08565,0.00299745
43,0.0206596,-0.301452,6599.17,-3875.43,82.1764,710.99,0.0389219,6.09475,0.00299997
43,0.0203984,-0.327619,6599.19,-3875.39,81.2506,712.225,0.0389059,6.04136,0.00247899
43,0.0201947,-0.307517,6599.21,-3875.53,80.7385,712.007,0.0392791,6.09084,0.00322764
43,0.0193668,-3.135,6599.27,-3875.63,77.0844,711.121,0.0398574,3.15662,0.000489095
43,0.0192497,1.21415,6599.28,-3875.59,76.6883,710.394,0.0399713,1.10123,-0.00291226
43,0.0196368,-3.12352,6599.25,-3875.4,78.0501,710.657,0.0395592,3.17658,0.000288809
43,0.0206474,-0.323217,6599.18,-3875.39,82.1969,711.645,0.038584,6.04984,0.00266604
43,0.0206708,-0.305812,6599.17,-3875.42,82.1454,711.203,0.0387778,6.08522,0.00322411
43,0.019544,-3.12897,6599.26,-3875.58,78.0675,710.465,0.0393062,3.17525,0.000437143
43,0.0201146,-0.303646,6599.22,-3875.5,80.2632,712.223,0.0395256,6.09327,0.0041615
43,0.0192915,-3.11777,6599.27,-3875.58,76.8122,711.316,0.039967,3.18945,0.000794924
43,0.0191814,1.23542,6599.28,-3875.5,76.8996,710.59,0.0397655,1.14251,-0.00258731
43,0.0195589,-3.13669,6599.26,-3875.56,77.4669,710.692,0.0393076,3.15221,0.000294027
43,0.0194734,3.13085,6599.26,-3875.52,77.4923,711.158,0.0398688,3.12505,-6.56452e-06
43,0.0191972,3.13511,6599.28,-3875.41,76.4293,711.527,0.0399281,3.12885,-5.26935e-05
43,0.0193428,3.13328,6599.27,-3875.47,76.9657,711.215,0.039917,3.12339,1.37281e-05
43,0.0190295,3.14135,6599.29,-3875.54,75.9527,711.785,0.0400535,3.14078,-8.57636e-06
43,0.0206219,-0.295092,6599.17,-3875.5,82.0477,710.306,0.0383517,6.10587,0.00333809
43,0.0192472,3.11306,6599.28,-3875.48,76.8131,711.256,0.0399287,3.09548,-0.000644272
43,0.0205337,-0.325412,6599.18,-3875.39,81.753,711.543,0.0384194,6.05468,0.00268299
43,0.0205329,-0.323846,6599.18,-3875.5,81.7286,711.878,0.0387576,6.05296,0.00274642
43,0.019482,-3.139,6599.26,-3875.46,77.5933,710.987,0.0397031,3.1493,0.000132702
43,0.0195918,-3.12405,6599.25,-3875.58,78.0772,710.614,0.0393324,3.16519,0.000439812
43,0.0191671,1.18942,6599.28,-3875.48,76.2292,710.163,0.0400733,1.05872,-0.00339151
43,0.0191673,3.13286,6599.28,-3875.45,76.3171,711.784,0.0402498,3.12612,-0.00022038
43,0.0192448,1.21876,6599.28,-3875.39,76.6048,710.28,0.0397631,1.11406,-0.00296391
43,0.0192699,3.13092,6599.28,-3875.53,76.464,711.555,0.0399121,3.11968,-0.000466227
43,0.0193,1.22087,6599.28,-3875.57,77.0327,710.126,0.0398267,1.11745,-0.00277958
43,0.020342,-0.315386,6599.19,-3875.39,81.047,711.965,0.0389497,6.07215,0.0031057
43,0.019558,-3.13908,6599.25,-3875.58,78.317,710.444,0.0393533,3.15736,0.000227682
43,0.0192641,-3.13189,6599.28,-3875.46,76.4333,711.413,0.0399164,3.16095,0.000169673
43,0.0196434,-3.12827,6599.25,-3875.47,78.2492,710.397,0.0391679,3.16422,0.00030302
43,0.0208028,-0.299157,6599.16,-3875.39,82.789,711.794,0.0374971,6.18149,0.00466148
43,0.0192825,1.20266,6599.28,-3875.55,76.9091,710.017,0.03983,1.08131,-0.00323715
43,0.0205649,-0.288097,6599.18,-3875.6,81.6922,709.914,0.0385638,6.12107,0.00342982
43,0.0207171,-0.312264,6599.16,-3875.41,82.4526,711.307,0.0386363,6.07584,0.00268514
43,0.0204617,-0.319683,6599.18,-3875.53,81.5819,711.715,0.0387548,6.06739,0.00273421
43,0.0195772,3.13277,6599.26,-3875.39,77.8471,710.722,0.0395028,3.12121,-0.000194849
43,0.0205179,-0.314048,6599.18,-3875.39,81.6702,711.573,0.0387068,6.06897,0.00303227
43,0.0202311,-0.297059,6599.21,-3875.39,80.4773,711.635,0.0390002,6.10033,0.00315846
43,0.0196154,-3.13112,6599.25,-3875.44,77.9181,710.573,0.0393571,3.16327,0.000141734
43,0.0205825,-0.296432,6599.17,-3875.38,81.8322,710.493,0.038529,6.10638,0.00342619
43,0.020286,-0.29261,6599.2,-3875.61,80.7095,710.995,0.0388004,6.11197,0.00352566
43,0.019501,-3.13195,6599.26,-3875.54,77.5707,710.629,0.0393938,3.16347,0.000131561
43,0.0205462,-0.323386,6599.17,-3875.48,82.1141,711.809,0.0387433,6.05616,0.00325038
43,0.0203861,-0.31304,6599.19,-3875.57,81.3471,711.455,0.0385063,6.07059,0.00308827
43,0.0194524,3.12624,6599.26,-3875.59,77.1001,710.957,0.0397712,3.11628,-0.000151737
43,0.0205521,-0.291418,6599.17,-3875.47,81.9643,710.339,0.0387686,6.11216,0.00364486
43,0.0207309,-0.323555,6599.17,-3875.44,82.4306,711.316,0.0381649,6.05189,0.00283954
43,0.0206785,-0.312307,6599.17,-3875.52,82.5718,711.302,0.0385423,6.07639,0.00299727
43,0.0190138,3.1361,6599.3,-3875.41,76.051,711.79,0.0400611,3.13968,0.000111482
43,0.0190541,1.2214,6599.29,-3875.44,75.9576,710.951,0.0399559,1.11407,-0.00309175
43,0.0205699,-0.321081,6599.18,-3875.61,81.7303,711.656,0.0386233,6.06375,0.00294687
43,0.0197525,3.13663,6599.24,-3875.59,78.304,710.535,0.0392076,3.13701,-0.000207019
43,0.0203313,-0.296953,6599.2,-3875.57,80.738,711.556,0.0390592,6.10142,0.00327291
43,0.0191344,1.21765,6599.29,-3875.61,75.9757,710.779,0.039912,1.10345,-0.00317701
43,0.0204088,-0.317743,6599.19,-3875.63,81.5215,711.792,0.0387458,6.06331,0.0028837
43,0.019225,1.21212,6599.28,-3875.42,76.4825,710.42,0.0398249,1.10127,-0.00295413
43,0.0194258,1.22846,6599.26,-3875.47,77.429,710.163,0.0398938,1.12768,-0.00292795
43,0.0202128,-0.290692,6599.21,-3875.54,80.5464,711.045,0.0387209,6.11122,0.00357536
43,0.0194899,-3.12721,6599.25,-3875.46,77.3526,710.868,0.0395559,3.16992,0.000121439
43,0.0193648,1.22794,6599.28,-3875.43,77.0425,710.231,0.0397869,1.12806,-0.00245267
43,0.0193154,1.2327,6599.27,-3875.4,76.7265,710.668,0.0398855,1.13478,-0.00255235
43,0.0203841,-0.306792,6599.19,-3875.54,81.8541,710.881,0.038617,6.09757,0.00344187
43,0.0193619,-3.13193,6599.27,-3875.57,77.0589,710.999,0.0397506,3.17077,0.000152659
43,0.0191728,1.20392,6599.28,-3875.48,76.4066,710.399,0.0398124,1.0857,-0.00322584
43,0.0193345,-3.12602,6599.27,-3875.4,76.7572,711.383,0.0399806,3.16881,0.000197396
43,0.0194693,3.12041,6599.26,-3875.61,77.5675,711.046,0.0398438,3.1026,-0.000553734
43,0.0206446,-0.305442,6599.17,-3875.61,82.1699,710.783,0.0385032,6.09189,0.00297663
43,0.0202739,-0.302476,6599.19,-3875.38,80.6968,711.746,0.0388946,6.09358,0.0033835
43,0.0205479,-0.31267,6599.17,-3875.49,82.0637,711.804,0.0390276,6.06941,0.0029341
43,0.0192666,1.23114,6599.28,-3875.53,76.7172,710.441,0.0398216,1.12965,-0.00281523
43,0.0191241,1.20317,6599.28,-3875.43,76.3344,710.524,0.0398641,1.08733,-0.00321289
43,0.0195812,-3.12883,6599.25,-3875.5,78.2012,717.76,0.0402454,3.15375,0.000166736
43,0.0192698,1.23319,6599.27,-3875.49,76.6338,710.51,0.0396853,1.13179,-0.00265408
43,0.0207186,-0.314868,6599.17,-3875.44,82.407,711.428,0.0385616,6.06633,0.00284529
43,0.0205483,-0.311049,6599.17,-3875.51,81.8688,711.125,0.0386469,6.08428,0.00302274
43,0.0193624,3.13782,6599.28,-3875.4,77.2408,711.143,0.0397976,3.13033,-0.00018776
43,0.0205233,-0.306075,6599.18,-3875.6,81.7068,711.377,0.0387108,6.08115,0.00298406
43,0.0193469,3.13667,6599.27,-3875.41,77.0514,711.275,0.0398688,3.1366,-0.000102356
43,0.0194234,-3.12607,6599.26,-3875.59,77.1316,710.87,0.0394837,3.17295,0.000565623
43,0.019078,1.21615,6599.29,-3875.48,75.8465,711.353,0.0404011,1.10604,-0.00317188
43,0.0195187,-3.12786,6599.25,-3875.48,77.4812,710.927,0.0397039,3.16205,7.61481e-05
43,0.0195504,-3.13629,6599.25,-3875.52,77.95,710.838,0.0395833,3.14497,-8.35741e-06
43,0.0204085,-0.335862,6599.19,-3875.45,81.4495,712.31,0.0388296,6.03545,0.00248853
